-2.984279E-13,0.5000041,-8,0,0,0
-6.004086E-13,0.5000049,-8,0,0,0
-2.110312E-12,0.5000051,-8,0,0,0
-2.714273E-12,0.5000051,-8,0,0,0
-3.318235E-12,0.5000051,-8,0,0,0
-3.620215E-12,0.5000051,-8,0,0,0
-3.922196E-12,0.5000051,-8,0,0,0
-3.922196E-12,0.5000051,-8,0,0,0
-4.224177E-12,0.5000051,-8,0,0,0
-4.526157E-12,0.5000051,-8,-8.80777E-13,0,0
-4.828138E-12,0.5000051,-8,2.516506E-14,0,0
-4.828138E-12,0.5000051,-8,-3.774758E-13,0,0
-5.130119E-12,0.5000051,-8,3.271457E-13,0,0
-5.432099E-12,0.5000051,-8,-8.80777E-13,0,0
-5.73408E-12,0.5000051,-8,2.516506E-14,0,0
-5.73408E-12,0.5000051,-8,-3.774758E-13,0,0
-6.036061E-12,0.5000051,-8,3.271457E-13,0,0
-6.036061E-12,0.5000051,-8,-8.80777E-13,0,0
-6.338041E-12,0.5000051,-8,6.542915E-13,0,0
-6.640022E-12,0.5000051,-8,-9.562721E-13,0,0
-6.640022E-12,0.5000051,-8,2.516506E-14,0,0
-6.942003E-12,0.5000051,-8,2.516506E-13,0,0
-7.243983E-12,0.5000051,-8,-8.80777E-13,0,0
-7.243983E-12,0.5000051,-8,2.516506E-14,0,0
-7.545964E-12,0.5000051,-8,2.516506E-13,0,0
-7.847945E-12,0.5000051,-8,-8.80777E-13,0,0
-7.847945E-12,0.5000051,-8,2.516506E-14,0,0
-8.149925E-12,0.5000051,-8,2.516506E-13,0,0
-8.451906E-12,0.5000051,-8,-8.80777E-13,0,0
-8.753887E-12,0.5000051,-8,2.516506E-14,0,0
-8.753887E-12,0.5000051,-8,-3.774758E-13,0,0
-9.055867E-12,0.5000051,-8,3.271457E-13,0,0
-9.357848E-12,0.5000051,-8,-8.80777E-13,0,0
-9.357848E-12,0.5000051,-8,2.516506E-14,0,0
-9.659828E-12,0.5000051,-8,2.516506E-13,0,0
-9.961809E-12,0.5000051,-8,-8.80777E-13,0,0
-9.961809E-12,0.5000051,-8,2.516506E-14,0,0
-1.026734E-11,0.5000051,-8,2.516506E-13,0,0
-1.026734E-11,0.5000051,-8,-8.881784E-13,0,0
-1.057288E-11,0.5000051,-8,6.611008E-13,0,0
-1.087841E-11,0.5000051,-8,-9.675224E-13,0,0
-1.087841E-11,0.5000051,-8,2.546111E-14,0,0
-1.118394E-11,0.5000051,-8,2.546111E-13,0,0
-1.148948E-11,0.5000051,-8,-8.91139E-13,0,0
-1.179501E-11,0.5000051,-8,2.546111E-14,0,0
-1.179501E-11,0.5000051,-8,-3.819167E-13,0,0
-1.210054E-11,0.5000051,-8,3.309945E-13,0,0
-1.240608E-11,0.5000051,-8,-8.91139E-13,0,0
-1.240608E-11,0.5000051,-8,2.546111E-14,0,0
-1.271161E-11,0.5000051,-8,2.546111E-13,0,0
-1.301714E-11,0.5000051,-8,-8.91139E-13,0,0
-1.332268E-11,0.5000051,-8,2.546111E-14,0,0
-1.332268E-11,0.5000051,-8,-3.819167E-13,0,0
-1.362821E-11,0.5000051,-8,3.309945E-13,0,0
-1.362821E-11,0.5000051,-8,-8.91139E-13,0,0
-1.393374E-11,0.5000051,-8,6.61989E-13,0,0
-1.423928E-11,0.5000051,-8,-9.675224E-13,0,0
-1.423928E-11,0.5000051,-8,2.546111E-14,0,0
-1.454481E-11,0.5000051,-8,2.546111E-13,0,0
-1.454481E-11,0.5000051,-8,-8.91139E-13,0,0
-1.485034E-11,0.5000051,-8,6.61989E-13,0,0
-1.515588E-11,0.5000051,-8,-9.675224E-13,0,0
-1.515588E-11,0.5000051,-8,2.546111E-14,0,0
-1.546141E-11,0.5000051,-8,2.546111E-13,0,0
-1.576694E-11,0.5000051,-8,-8.91139E-13,0,0
-1.576694E-11,0.5000051,-8,2.546111E-14,0,0
-1.607248E-11,0.5000051,-8,2.546111E-13,0,0
-1.637801E-11,0.5000051,-8,-8.91139E-13,0,0
-1.637801E-11,0.5000051,-8,2.546111E-14,0,0
-1.668354E-11,0.5000051,-8,2.546111E-13,0,0
-1.698908E-11,0.5000051,-8,-8.91139E-13,0,0
-1.698908E-11,0.5000051,-8,2.546111E-14,0,0
-1.729461E-11,0.5000051,-8,2.546111E-13,0,0
-1.729461E-11,0.5000051,-8,-8.91139E-13,0,0
-1.760014E-11,0.5000051,-8,6.61989E-13,0,0
-1.790568E-11,0.5000051,-8,-9.675224E-13,0,0
-1.790568E-11,0.5000051,-8,2.546111E-14,0,0
-1.821121E-11,0.5000051,-8,2.546111E-13,0,0
-1.851674E-11,0.5000051,-8,-8.91139E-13,0,0
-1.851674E-11,0.5000051,-8,2.546111E-14,0,0
-1.882228E-11,0.5000051,-8,2.546111E-13,0,0
-1.882228E-11,0.5000051,-8,-8.91139E-13,0,0
-1.912781E-11,0.5000051,-8,6.61989E-13,0,0
-1.943334E-11,0.5000051,-8,-9.675224E-13,0,0
-1.943334E-11,0.5000051,-8,2.546111E-14,0,0
-1.973888E-11,0.5000051,-8,2.546111E-13,0,0
-1.973888E-11,0.5000051,-8,-8.91139E-13,0,0
-2.004441E-11,0.5000051,-8,6.61989E-13,0,0
-2.034994E-11,0.5000051,-8,-9.675224E-13,0,0
-2.034994E-11,0.5000051,-8,2.546111E-14,0,0
-2.065548E-11,0.5000051,-8,2.546111E-13,0,0
-2.096101E-11,0.5000051,-8,-8.91139E-13,0,0
-2.096101E-11,0.5000051,-8,2.546111E-14,0,0
-2.126654E-11,0.5000051,-8,2.546111E-13,0,0
-2.157208E-11,0.5000051,-8,-8.91139E-13,0,0
-2.187761E-11,0.5000051,-8,2.546111E-14,0,0
-2.187761E-11,0.5000051,-8,-3.819167E-13,0,0
-2.218314E-11,0.5000051,-8,3.309945E-13,0,0
-2.248868E-11,0.5000051,-8,-8.91139E-13,0,0
-2.248868E-11,0.5000051,-8,2.546111E-14,0,0
-2.279421E-11,0.5000051,-8,2.546111E-13,0,0
-2.309974E-11,0.5000051,-8,-8.91139E-13,0,0
-2.309974E-11,0.5000051,-8,2.546111E-14,0,0
-2.340528E-11,0.5000051,-8,2.546111E-13,0,0
-2.371081E-11,0.5000051,-8,-8.91139E-13,0,0
-2.371081E-11,0.5000051,-8,2.546111E-14,0,0
-2.432188E-11,0.5000051,-8,2.546111E-13,0,0
-2.462741E-11,0.5000051,-7.996709,-1.527667E-12,0,0
-2.493294E-11,0.5000051,-7.991572,6.110668E-13,0,0.006855527
-2.493294E-11,0.5000051,-7.991572,-7.129112E-13,0,0.004395922
-2.523848E-11,0.5000051,-7.986815,4.073778E-13,0,-0.006281892
-2.554401E-11,0.5000051,-7.981949,-8.91139E-13,0,0.01465317
-2.554401E-11,0.5000051,-7.981949,2.546111E-14,0,-0.0002640486
-2.584954E-11,0.5000051,-7.97563,2.546111E-13,0,-0.004173398
-2.584954E-11,0.5000051,-7.97563,-8.91139E-13,0,0.01724708
-2.615508E-11,0.5000051,-7.967405,6.61989E-13,0,-0.01332804
-2.646061E-11,0.5000051,-7.959177,-9.675224E-13,0,0.02397998
-2.646061E-11,0.5000051,-7.959177,2.546111E-14,0,-0.0002010663
-2.676614E-11,0.5000051,-7.95041,2.546111E-13,0,-0.006861051
-2.676614E-11,0.5000051,-7.95041,-8.91139E-13,0,0.02512272
-2.707168E-11,0.5000051,-7.939547,6.61989E-13,0,-0.01886074
-2.737721E-11,0.5000051,-7.929161,-9.675224E-13,0,0.03212861
-2.737721E-11,0.5000051,-7.929161,2.546111E-14,0,-0.001374722
-2.768274E-11,0.5000051,-7.91682,2.546111E-13,0,-0.008138418
-2.768274E-11,0.5000051,-7.91682,-8.91139E-13,0,0.03424625
-2.798828E-11,0.5000051,-7.901981,6.61989E-13,0,-0.02625012
-2.829381E-11,0.5000051,-7.887475,-9.675224E-13,0,0.04428339
-2.829381E-11,0.5000051,-7.887475,2.546111E-14,0,-0.00130554
-2.859935E-11,0.5000051,-7.871606,2.546111E-13,0,-0.01172765
-2.890488E-11,0.5000051,-7.854561,-8.91139E-13,0,0.04506572
-2.890488E-11,0.5000051,-7.854561,2.546111E-14,0,0.001469135
-2.921041E-11,0.5000051,-7.836613,2.546111E-13,0,-0.01547897
-2.951595E-11,0.5000051,-7.818574,-8.91139E-13,0,0.05189065
-2.951595E-11,0.5000051,-7.818574,2.546111E-14,0,-0.001081268
-2.982148E-11,0.5000051,-7.798304,2.546111E-13,0,-0.01513044
-3.012701E-11,0.5000051,-7.778924,-8.91139E-13,0,0.05728384
-3.012701E-11,0.5000051,-7.778924,2.546111E-14,0,-0.002986073
-3.043255E-11,0.5000051,-7.760079,2.546111E-13,0,-0.01518524
-3.073808E-11,0.5000051,-7.742393,-8.91139E-13,0,0.0551877
-3.073808E-11,0.5000051,-7.742393,2.546111E-14,0,-0.004119039
-3.104361E-11,0.5000051,-7.72297,2.546111E-13,0,-0.01348245
-3.134915E-11,0.5000051,-7.705676,-8.91139E-13,0,0.05491503
-3.134915E-11,0.5000051,-7.705676,2.546111E-14,0,-0.005621711
-3.165468E-11,0.5000051,-7.689892,2.546111E-13,0,-0.01210407
-3.165468E-11,0.5000051,-7.689892,-8.91139E-13,0,0.04676099
-3.196021E-11,0.5000051,-7.674955,6.61989E-13,0,-0.03457483
-3.226575E-11,0.5000051,-7.657751,-9.675224E-13,0,0.04821718
-3.226575E-11,0.5000051,-7.657751,2.546111E-14,0,0.003268321
-3.257128E-11,0.5000051,-7.643568,2.546111E-13,0,-0.01679412
-3.287681E-11,0.5000051,-7.628511,-8.91139E-13,0,0.04445128
-3.287681E-11,0.5000051,-7.628511,2.546111E-14,0,-0.0001165072
-3.318235E-11,0.5000051,-7.61228,2.546111E-13,0,-0.01349405
-3.348788E-11,0.5000051,-7.593358,-8.91139E-13,0,0.04658139
-3.348788E-11,0.5000051,-7.593358,2.546111E-14,0,0.00454692
-3.379341E-11,0.5000051,-7.577751,2.546111E-13,0,-0.01868363
-3.379341E-11,0.5000051,-7.577751,-8.91139E-13,0,0.04895564
-3.409895E-11,0.5000051,-7.562362,6.61989E-13,0,-0.03464377
-3.440448E-11,0.5000051,-7.547202,-9.675224E-13,0,0.04896681
-3.440448E-11,0.5000051,-7.547202,2.546111E-14,0,-0.001811822
-3.471001E-11,0.5000051,-7.53261,2.546111E-13,0,-0.01238688
-3.501555E-11,0.5000051,-7.508453,-8.91139E-13,0,0.04297618
-3.501555E-11,0.5000051,-7.508453,2.546111E-14,0,0.01856963
-3.532108E-11,0.5000051,-7.489021,2.546111E-13,0,-0.03049334
-3.532108E-11,0.5000051,-7.489021,-8.91139E-13,0,0.06300469
-3.562661E-11,0.5000051,-7.471917,6.61989E-13,0,-0.04328315
-3.593215E-11,0.5000051,-7.451879,-9.675224E-13,0,0.05668453
-3.593215E-11,0.5000051,-7.451879,2.546111E-14,0,0.004106244
-3.623768E-11,0.5000051,-7.434803,2.546111E-13,0,-0.01987783
-0.00104763,0.5000051,-7.412547,-8.91139E-13,0,0.05300748
-0.00104763,0.5000051,-7.412547,-0.002182563,0,0.008627772
-0.00350492,0.5000051,-7.393853,0.002007958,0,-0.02415812
-0.006410396,0.5000051,-7.3766,-0.006254286,0,0.05878723
-0.006410396,0.5000051,-7.3766,-0.001081364,0,-0.005451401
-0.01137948,0.5000051,-7.356817,0.002906766,0,-0.01281544
-0.01675574,0.5000051,-7.338389,-0.01288553,0,0.05523129
-0.01675574,0.5000051,-7.338389,-0.0009501076,0,-0.003838221
-0.02221927,0.5000051,-7.323342,0.004921335,0,-0.01388935
-0.02221927,0.5000051,-7.323342,-0.01596437,0,0.04636534
-0.02893953,0.5000051,-7.307615,0.01181583,0,-0.03344639
-0.03615638,0.5000051,-7.292047,-0.01991935,0,0.04906515
-0.03615638,0.5000051,-7.292047,-0.000788743,0,-0.001471281
-0.04513665,0.5000051,-7.275451,0.006552028,0,-0.01280153
-0.04513665,0.5000051,-7.275451,-0.02484708,0,0.04750951
-0.05446573,0.5000051,-7.260262,0.01901639,0,-0.03570167
-0.06338841,0.5000051,-7.24651,-0.0291642,0,0.04962246
-0.06338841,0.5000051,-7.24651,0.001536869,0,-0.004610777
-0.07431507,0.5000051,-7.231473,0.006995316,0,-0.00990355
-0.08571361,0.5000051,-7.216597,-0.03009784,0,0.04242802
-0.08571361,0.5000051,-7.216597,-0.0005735258,0,-0.001267592
-0.09741959,0.5000051,-7.202684,0.01000999,0,-0.01222197
-0.1094027,0.5000051,-7.189062,-0.03400421,0,0.04134202
-0.1094027,0.5000051,-7.189062,0.0003213733,0,-0.002007087
-0.1211362,0.5000051,-7.176843,0.01028607,0,-0.01103588
-0.1337207,0.5000051,-7.164232,-0.03449996,0,0.03673482
-0.1337207,0.5000051,-7.164232,-0.0007327758,0,-0.0005523761
-0.1486211,0.5000051,-7.149332,0.01140904,0,-0.01093372
-0.1615863,0.5000051,-7.136367,-0.04174239,0,0.04164918
-0.1615863,0.5000051,-7.136367,0.004694361,0,-0.004700621
-0.174066,0.5000051,-7.123887,0.008707911,0,-0.008708079
-0.174066,0.5000051,-7.123887,-0.03631983,0,0.03632013
-0.1871125,0.5000051,-7.11084,0.02716063,0,-0.02716088
-0.1987858,0.5000051,-7.099167,-0.04069996,0,0.04070048
-0.1987858,0.5000051,-7.099167,0.003806508,0,-0.003806512
-0.2122086,0.5000051,-7.085744,0.008239995,0,-0.008240144
-0.2234881,0.5000051,-7.074464,-0.03734858,0,0.03734906
-0.2234881,0.5000051,-7.074464,0.005146472,0,-0.005146583
-0.2361485,0.5000051,-7.061804,0.007077603,0,-0.007077654
-0.2527955,0.5000051,-7.045157,-0.03523952,0,0.03523986
-0.2527955,0.5000051,-7.045157,-0.007595702,0,0.007595102
-0.265758,0.5000051,-7.032195,0.01819138,0,-0.01819094
-0.2812601,0.5000051,-7.016693,-0.04187443,0,0.04187385
-0.2812601,0.5000051,-7.016693,-0.003289383,0,0.00328958
-0.2945028,0.5000051,-7.00345,0.01566956,0,-0.01566958
-0.2945028,0.5000051,-7.00345,-0.04114234,0,0.04114223
-0.3059099,0.5000051,-6.992043,0.02925746,0,-0.02925738
-0.320053,0.5000051,-6.9779,-0.03811106,0,0.03811065
-0.320053,0.5000051,-6.9779,-0.00429062,0,0.00429066
-0.3333825,0.5000051,-6.964571,0.01475002,0,-0.01474992
-0.3470354,0.5000051,-6.950918,-0.04023977,0,0.04023965
-0.3579871,0.5000051,-6.939966,0.0006406059,0,-0.0006406307
-0.3579871,0.5000051,-6.939966,-0.01108847,0,0.01108809
-0.3700527,0.5000051,-6.927901,0.00953262,0,-0.009532253
-0.3700527,0.5000051,-6.927901,-0.03358775,0,0.03358722
-0.3848421,0.5000051,-6.913111,0.02586359,0,-0.02586325
-0.3956195,0.5000051,-6.902334,-0.0438824,0,0.04388249
-0.3956195,0.5000051,-6.902334,0.008909914,0,-0.008909981
-0.4073977,0.5000051,-6.890555,0.004634792,0,-0.004634778
-0.4208274,0.5000051,-6.877126,-0.0325161,0,0.03251644
-0.4208274,0.5000051,-6.877126,-0.002709111,0,0.002708872
-0.4331866,0.5000051,-6.864767,0.01298037,0,-0.01298026
-0.4487618,0.5000051,-6.849192,-0.03735266,0,0.0373524
-0.4487618,0.5000051,-6.849192,-0.005402284,0,0.005402009
-0.4638694,0.5000051,-6.834084,0.01646321,0,-0.01646288
-0.4743401,0.5000051,-6.823613,-0.04525739,0,0.04525729
-0.4743401,0.5000051,-6.823613,0.01103585,0,-0.01103572
-0.4892287,0.5000051,-6.808724,0.003702454,0,-0.003702561
-0.4994264,0.5000051,-6.798527,-0.03858433,0,0.03858479
-0.4994264,0.5000051,-6.798527,0.009909066,0,-0.009909431
-0.5124979,0.5000051,-6.785455,0.003416176,0,-0.003415982
-0.5124979,0.5000051,-6.785455,-0.03455767,0,0.03455762
-0.5259449,0.5000051,-6.772008,0.02760319,0,-0.02760319
-0.5394004,0.5000051,-6.758553,-0.04217539,0,0.04217501
-0.5394004,0.5000051,-6.758553,0.001008963,0,-0.001008868
-0.5546306,0.5000051,-6.743323,0.01122216,0,-0.01122212
-0.5662475,0.5000051,-6.731706,-0.04294472,0,0.04294451
-0.5813118,0.5000051,-6.716642,0.008353447,0,-0.008353551
-0.5813118,0.5000051,-6.716642,-0.02561792,0,0.02561784
-0.5917028,0.5000051,-6.706251,0.02009602,0,-0.02009591
-0.5917028,0.5000051,-6.706251,-0.0350633,0,0.03506283
-0.6027392,0.5000051,-6.695215,0.02368205,0,-0.02368168
-0.6147836,0.5000051,-6.68317,-0.03424947,0,0.03424915
-0.6147836,0.5000051,-6.68317,-0.001341497,0,0.00134178
-0.6249964,0.5000051,-6.672957,0.01112888,0,-0.01112906
-0.6249964,0.5000051,-6.672957,-0.0315657,0,0.0315659
-0.6349674,0.5000051,-6.662986,0.0225857,0,-0.02258583
-0.6451837,0.5000051,-6.65277,-0.03183687,0,0.03183718
-0.6451837,0.5000051,-6.65277,0.0003805111,0,-0.0003807545
-0.6559177,0.5000051,-6.642036,0.008779178,0,-0.008779049
-0.6559177,0.5000051,-6.642036,-0.03093738,0,0.03093747
-0.6715786,0.5000051,-6.626375,0.0231276,0,-0.02312771
-0.6819743,0.5000051,-6.61598,-0.04425548,0,0.04425518
-0.6819743,0.5000051,-6.61598,0.01104271,0,-0.01104263
-0.6925354,0.5000051,-6.605419,0.002958968,0,-0.002958934
-0.7042123,0.5000051,-6.593742,-0.02934902,0,0.02934869
-0.7042123,0.5000051,-6.593742,-0.001485854,0,0.001485864
-0.7156701,0.5000051,-6.582284,0.01093954,0,-0.01093944
-0.7156701,0.5000051,-6.582284,-0.03388013,0,0.03388027
-0.7283333,0.5000051,-6.569621,0.02488001,0,-0.02488021
-0.7399192,0.5000051,-6.558035,-0.03879425,0,0.03879476
-0.7399192,0.5000051,-6.558035,0.002998282,0,-0.002999027
-0.7537996,0.5000051,-6.544155,0.00848784,0,-0.008487304
-0.7676833,0.5000051,-6.530271,-0.03830303,0,0.03830254
-0.7676833,0.5000051,-6.530271,0.0005759994,0,-0.0005760987
-0.7816024,0.5000051,-6.516352,0.01157349,0,-0.01157327
-0.7983743,0.5000051,-6.49958,-0.04056881,0,0.04056915
-0.813383,0.5000051,-6.484571,-0.004792114,0,0.004791578
-0.813383,0.5000051,-6.484571,-0.01420121,0,0.01420196
-0.8243527,0.5000051,-6.473601,0.01407704,0,-0.0140775
-0.8368484,0.5000051,-6.461106,-0.03492005,0,0.03492014
-0.8368484,0.5000051,-6.461106,-0.001255259,0,0.001254956
-0.8465872,0.5000051,-6.451367,0.01206625,0,-0.01206597
-0.8465872,0.5000051,-6.451367,-0.03108375,0,0.03108382
-0.8614193,0.5000051,-6.436535,0.02178996,0,-0.02179015
-0.8614193,0.5000051,-6.436535,-0.04145041,0,0.04145054
-0.8748735,0.5000051,-6.42308,0.03086274,0,-0.03086277
-0.884398,0.5000051,-6.413556,-0.0440976,0,0.0440981
-0.884398,0.5000051,-6.413556,0.009652461,0,-0.00965329
-0.8987069,0.5000051,-6.399247,0.003679956,0,-0.003679355
-0.9089606,0.5000051,-6.388993,-0.03676495,0,0.0367647
-0.9089606,0.5000051,-6.388993,0.008444771,0,-0.00844423
-0.9197949,0.5000051,-6.378159,0.004151523,0,-0.00415198
-0.9197949,0.5000051,-6.378159,-0.03010232,0,0.03010245
-0.9333423,0.5000051,-6.364612,0.02332911,0,-0.02332906
-0.9449064,0.5000051,-6.353047,-0.03996105,0,0.03996086
-0.9449064,0.5000051,-6.353047,0.004582872,0,-0.004582246
-0.9593062,0.5000051,-6.338647,0.007487928,0,-0.00748845
-0.9593062,0.5000051,-6.338647,-0.03914058,0,0.0391411
-0.9719054,0.5000051,-6.326048,0.03049079,0,-0.03049107
-0.9832991,0.5000051,-6.314655,-0.04184815,0,0.0418479
-0.9832991,0.5000051,-6.314655,0.004011452,0,-0.004011512
-0.995028,0.5000051,-6.302926,0.008188874,0,-0.008188725
-0.995028,0.5000051,-6.302926,-0.03362846,0,0.03362818
-1.006104,0.5000051,-6.29185,0.02532868,0,-0.02532852
-1.016435,0.5000051,-6.281519,-0.03578179,0,0.0357821
-1.016435,0.5000051,-6.281519,0.002639979,0,-0.00263981
-1.026389,0.5000051,-6.271565,0.007800713,0,-0.007800976
-1.026389,0.5000051,-6.271565,-0.02915969,0,0.0291599
-1.039233,0.5000051,-6.258721,0.02166106,0,-0.02166112
-1.049698,0.5000051,-6.248256,-0.03754199,0,0.03754199
-1.049698,0.5000051,-6.248256,0.005303939,0,-0.005303939
-1.059818,0.5000051,-6.238136,0.006143769,0,-0.006143769
-1.059818,0.5000051,-6.238136,-0.02920938,0,0.02920938
-1.073611,0.5000051,-6.224343,0.02201279,0,-0.02201279
-1.083688,0.5000051,-6.214266,-0.03969814,0,0.03969765
-1.083688,0.5000051,-6.214266,0.007971843,0,-0.007970889
-1.095321,0.5000051,-6.202632,0.004372557,0,-0.004373272
-1.106909,0.5000051,-6.191044,-0.03170556,0,0.03170637
-1.106909,0.5000051,-6.191044,0.0006757379,0,-0.0006757577
-1.11842,0.5000051,-6.179533,0.009606957,0,-0.009607156
-1.11842,0.5000051,-6.179533,-0.03362604,0,0.03362624
-1.129529,0.5000051,-6.168424,0.02495942,0,-0.02495948
-1.141554,0.5000051,-6.156399,-0.03561308,0,0.03561358
-1.141554,0.5000051,-6.156399,-0.000882566,0,0.000882109
-1.153922,0.5000051,-6.144031,0.01101333,0,-0.01101307
-1.166396,0.5000051,-6.131557,-0.03601688,0,0.03601682
-1.166396,0.5000051,-6.131557,0.000723819,0,-0.0007233222
-1.176885,0.5000051,-6.121067,0.01051019,0,-0.01051064
-1.189042,0.5000051,-6.10891,-0.03227432,0,0.03227508
-1.189042,0.5000051,-6.10891,-0.002103587,0,0.002103567
-1.200383,0.5000051,-6.097569,0.01193706,0,-0.01193726
-1.200383,0.5000051,-6.097569,-0.03417426,0,0.03417397
-1.212388,0.5000051,-6.085564,0.02477582,0,-0.02477542
-1.226094,0.5000051,-6.071858,-0.03729653,0,0.03729677
-1.226094,0.5000051,-6.071858,-0.002709627,0,0.00270923
-1.236694,0.5000051,-6.061258,0.01326472,0,-0.01326446
-1.249938,0.5000051,-6.048014,-0.03393014,0,0.03392959
-1.263271,0.5000051,-6.034682,-0.003849546,0,0.003849506
-1.263271,0.5000051,-6.034682,-0.01387336,0,0.01387405
-1.274678,0.5000051,-6.023274,0.01385512,0,-0.01385577
-1.274678,0.5000051,-6.023274,-0.03489741,0,0.03489773
-1.289235,0.5000051,-6.008717,0.02519717,0,-0.02519723
-1.299723,0.5000051,-5.99823,-0.04268583,0,0.04268583
-1.299723,0.5000051,-5.99823,0.008903881,0,-0.008904378
-1.31129,0.5000051,-5.986662,0.004331132,0,-0.004330675
-1.31129,0.5000051,-5.986662,-0.0318201,0,0.03182034
-1.324727,0.5000051,-5.973226,0.0247918,0,-0.02479219
-1.335507,0.5000051,-5.962445,-0.04052411,0,0.04052436
-1.335507,0.5000051,-5.962445,0.006186048,0,-0.006185611
-1.34852,0.5000051,-5.949432,0.006106237,0,-0.006106695
-1.34852,0.5000051,-5.949432,-0.03542994,0,0.03543019
-1.359387,0.5000051,-5.938566,0.02763651,0,-0.02763657
-1.3724,0.5000051,-5.925552,-0.03673564,0,0.03673514
-1.385701,0.5000051,-5.912251,-0.003031174,0,0.003032128
-1.385701,0.5000051,-5.912251,-0.0145394,0,0.01453869
-1.397982,0.5000051,-5.899971,0.01411192,0,-0.0141116
-1.411777,0.5000051,-5.886176,-0.0367402,0,0.03674014
-1.411777,0.5000051,-5.886176,-0.001876593,0,0.001876593
-1.424079,0.5000051,-5.873873,0.01313639,0,-0.01313639
-1.438066,0.5000051,-5.859886,-0.03750386,0,0.03750436
-1.438066,0.5000051,-5.859886,-0.002111852,0,0.002111395
-1.453006,0.5000051,-5.844946,0.0134812,0,-0.01348094
-1.453006,0.5000051,-5.844946,-0.04320216,0,0.0432026
-1.46632,0.5000051,-5.831632,0.03213181,0,-0.03213227
-1.480286,0.5000051,-5.817666,-0.04392304,0,0.0439233
-1.492337,0.5000051,-5.805615,0.0001589656,0,-0.0001590252
-1.492337,0.5000051,-5.805615,-0.01276233,0,0.01276283
-1.503024,0.5000051,-5.794928,0.01129665,0,-0.01129711
-1.503024,0.5000051,-5.794928,-0.03182852,0,0.03182928
-1.519659,0.5000051,-5.778292,0.02349635,0,-0.02349687
-1.529254,0.5000051,-5.768697,-0.04623532,0,0.04623608
-1.529254,0.5000051,-5.768697,0.01456837,0,-0.01456888
-1.539711,0.5000051,-5.758239,0.0003673832,0,-0.0003671249
-1.553267,0.5000051,-5.744683,-0.02802205,0,0.02802249
-1.553267,0.5000051,-5.744683,-0.005798539,0,0.005798578
-1.562952,0.5000051,-5.734998,0.01465265,0,-0.01465285
-1.5731,0.5000051,-5.724851,-0.03224814,0,0.03224834
-1.5731,0.5000051,-5.724851,0.0008111596,0,-0.0008112192
-1.583346,0.5000051,-5.714604,0.008957386,0,-0.008957386
-1.583346,0.5000051,-5.714604,-0.02991885,0,0.02991935
-1.596844,0.5000051,-5.701106,0.02217605,0,-0.0221765
-1.596844,0.5000051,-5.701106,-0.03922087,0,0.03922113
-1.609581,0.5000051,-5.688369,0.02843247,0,-0.02843253
-1.621772,0.5000051,-5.676178,-0.04115864,0,0.04115864
-1.634743,0.5000051,-5.663207,0.002391517,0,-0.002391021
-1.634743,0.5000051,-5.663207,-0.0174586,0,0.01745864
-1.645531,0.5000051,-5.652419,0.01484068,0,-0.01484088
-1.645531,0.5000051,-5.652419,-0.03347951,0,0.03348021
-1.660938,0.5000051,-5.637012,0.02391938,0,-0.0239199
-1.671742,0.5000051,-5.626207,-0.0437838,0,0.04378406
-1.671742,0.5000051,-5.626207,0.009717067,0,-0.00971663
-1.683497,0.5000051,-5.614452,0.004017969,0,-0.004018426
-1.697185,0.5000051,-5.600764,-0.03234269,0,0.03234295
-1.697185,0.5000051,-5.600764,-0.003285845,0,0.003285289
-1.710986,0.5000051,-5.586964,0.01350139,0,-0.01350093
-1.710986,0.5000051,-5.586964,-0.04064107,0,0.04064131
-1.721271,0.5000051,-5.576678,0.02987281,0,-0.02987321
-1.735887,0.5000051,-5.562063,-0.03637878,0,0.03637854
-1.735887,0.5000051,-5.562063,-0.00728484,0,0.007285237
-1.748575,0.5000051,-5.549375,0.01687036,0,-0.01687062
-1.759966,0.5000051,-5.537984,-0.03969526,0,0.03969483
-1.759966,0.5000051,-5.537984,0.004241308,0,-0.004241347
-1.771545,0.5000051,-5.526404,0.008087357,0,-0.008087158
-1.786416,0.5000051,-5.511534,-0.03329267,0,0.03329297
-1.786416,0.5000051,-5.511534,-0.005937755,0,0.005937854
-1.797637,0.5000051,-5.500312,0.01595688,0,-0.01595708
-1.814342,0.5000051,-5.483607,-0.03659211,0,0.0365928
-1.814342,0.5000051,-5.483607,-0.009577811,0,0.009576797
-1.831626,0.5000051,-5.466324,0.01986217,0,-0.01986146
-1.842496,0.5000051,-5.455453,-0.05129926,0,0.05129893
-1.842496,0.5000051,-5.455453,0.01465662,0,-0.01465607
-1.855547,0.5000051,-5.442402,0.002110859,0,-0.002111316
-1.868523,0.5000051,-5.429426,-0.03464536,0,0.03464611
-1.868523,0.5000051,-5.429426,0.0006988049,0,-0.0006993214
-1.879238,0.5000051,-5.418711,0.01073211,0,-0.01073186
-1.879238,0.5000051,-5.418711,-0.03311713,0,0.03311757
-1.890443,0.5000051,-5.407506,0.02378068,0,-0.02378114
-1.902841,0.5000051,-5.395108,-0.03495083,0,0.03495109
-1.902841,0.5000051,-5.395108,-0.001674275,0,0.001674215
-1.91507,0.5000051,-5.382879,0.01162394,0,-0.01162394
-1.91507,0.5000051,-5.382879,-0.03610774,0,0.03610774
-1.925867,0.5000051,-5.372082,0.02653921,0,-0.02653921
-1.935573,0.5000051,-5.362376,-0.03574236,0,0.03574236
-1.935573,0.5000051,-5.362376,0.003531774,0,-0.003531774
-1.94597,0.5000051,-5.351979,0.006905516,0,-0.006905516
-1.959936,0.5000051,-5.338013,-0.0294769,0,0.0294764
-1.959936,0.5000051,-5.338013,-0.006740749,0,0.006741206
-1.974642,0.5000051,-5.323307,0.01550418,0,-0.01550444
-1.98524,0.5000051,-5.312709,-0.0431668,0,0.04316735
-1.98524,0.5000051,-5.312709,0.009597857,0,-0.009598811
-1.995632,0.5000051,-5.302317,0.004381855,0,-0.00438114
-2.007513,0.5000051,-5.290436,-0.02945465,0,0.02945483
-2.007513,0.5000051,-5.290436,-0.002184927,0,0.002185027
-2.019265,0.5000051,-5.278684,0.01151419,0,-0.01151439
-2.019265,0.5000051,-5.278684,-0.03475732,0,0.03475702
-2.031372,0.5000051,-5.266577,0.02549565,0,-0.02549525
-2.043995,0.5000051,-5.253953,-0.03795344,0,0.03795318
-2.043995,0.5000051,-5.253953,-0.0001574953,0,0.0001575549
-2.05529,0.5000051,-5.24266,0.01108031,0,-0.01108031
-2.070189,0.5000051,-5.227761,-0.0341786,0,0.0341781
-2.070189,0.5000051,-5.227761,-0.006236593,0,0.006236553
-2.085105,0.5000051,-5.212844,0.01632114,0,-0.01632094
-2.09573,0.5000051,-5.20222,-0.04439394,0,0.04439374
-2.09573,0.5000051,-5.20222,0.01018178,0,-0.01018222
-2.109246,0.5000051,-5.188704,0.004203022,0,-0.004202565
-2.121101,0.5000051,-5.176849,-0.03593852,0,0.03593826
-2.121101,0.5000051,-5.176849,0.003863434,0,-0.003863374
-2.132752,0.5000051,-5.165197,0.008080046,0,-0.008080046
-2.143852,0.5000051,-5.154097,-0.03373806,0,0.03373806
-2.143852,0.5000051,-5.154097,0.002170245,0,-0.002170245
-2.155321,0.5000051,-5.142628,0.008653085,0,-0.008653085
-2.155321,0.5000051,-5.142628,-0.03300595,0,0.03300595
-2.170494,0.5000051,-5.127456,0.02475711,0,-0.02475711
-2.181308,0.5000051,-5.116642,-0.04403347,0,0.04403297
-2.181308,0.5000051,-5.116642,0.009416799,0,-0.009416342
-2.197278,0.5000051,-5.100672,0.004291514,0,-0.004291773
-2.207134,0.5000051,-5.090816,-0.04119216,0,0.04119221
-2.207134,0.5000051,-5.090816,0.01277665,0,-0.01277665
-2.218791,0.5000051,-5.079159,0.001591961,0,-0.001591961
-2.232345,0.5000051,-5.065605,-0.03097119,0,0.03097069
-2.232345,0.5000051,-5.065605,-0.003430446,0,0.0034314
-2.243579,0.5000051,-5.054371,0.01334981,0,-0.01335053
-2.257767,0.5000051,-5.040183,-0.03517336,0,0.03517318
-2.257767,0.5000051,-5.040183,-0.004637559,0,0.004637957
-2.272356,0.5000051,-5.025594,0.01502309,0,-0.01502335
-2.283614,0.5000051,-5.014336,-0.04295552,0,0.04295508
-2.283614,0.5000051,-5.014336,0.008055408,0,-0.008054455
-2.297992,0.5000051,-4.999959,0.005772789,0,-0.005773505
-2.309381,0.5000051,-4.988569,-0.03850259,0,0.03850241
-2.309381,0.5000051,-4.988569,0.006643375,0,-0.006642977
-2.320023,0.5000051,-4.977928,0.006254335,0,-0.006254593
-2.334679,0.5000051,-4.963271,-0.03091387,0,0.03091343
-2.334679,0.5000051,-4.963271,-0.007290641,0,0.007291595
-2.348895,0.5000051,-4.949055,0.01656314,0,-0.01656385
-2.367472,0.5000051,-4.930478,-0.04283388,0,0.0428342
-2.367472,0.5000051,-4.930478,-0.007790983,0,0.007790923
-2.378363,0.5000051,-4.919587,0.0202055,0,-0.0202055
-2.378363,0.5000051,-4.919587,-0.0392612,0,0.0392617
-2.388942,0.5000051,-4.909008,0.02551907,0,-0.02551953
-2.401368,0.5000051,-4.896582,-0.03383811,0,0.03383887
-2.401368,0.5000051,-4.896582,-0.002888819,0,0.002887805
-2.411907,0.5000051,-4.886043,0.01235632,0,-0.01235561
-2.422912,0.5000051,-4.875038,-0.0327728,0,0.03277298
-2.422912,0.5000051,-4.875038,0.0003790061,0,-0.0003794034
-2.435077,0.5000051,-4.861653,0.009675722,0,-0.009675463
-2.445799,0.5000051,-4.849391,-0.0346307,0,0.03717228
-2.445799,0.5000051,-4.849391,0.003730317,0,-0.002860904
-2.456565,0.5000051,-4.835944,0.007371326,0,-0.009000778
-2.456565,0.5000051,-4.835944,-0.03100467,0,0.03795314
-2.467203,0.5000051,-4.821427,0.02331668,0,-0.02884022
-2.477296,0.5000051,-4.806916,-0.03382647,0,0.04481081
-2.477296,0.5000051,-4.806916,0.002054652,0,-0.0009524822
-2.486924,0.5000051,-4.7913,0.007819911,0,-0.01208782
-2.486924,0.5000051,-4.7913,-0.02833325,0,0.044625
-2.494389,0.5000051,-4.777818,0.02097742,0,-0.03355845
-2.502395,0.5000051,-4.762325,-0.02598101,0,0.04500397
-2.502395,0.5000051,-4.762325,3.254414E-05,0,0.002534151
-2.509573,0.5000051,-4.746277,0.007260203,0,-0.01509058
-2.509573,0.5000051,-4.746277,-0.02176032,0,0.04684734
-2.516059,0.5000051,-4.728765,0.01575784,0,-0.03463193
-2.521037,0.5000051,-4.714019,-0.02128907,0,0.0538673
-2.521037,0.5000051,-4.714019,0.003857315,0,-0.006854216
-2.525528,0.5000051,-4.696711,0.002512932,0,-0.009292881
-2.525528,0.5000051,-4.696711,-0.01312703,0,0.04765602
-2.528543,0.5000051,-4.680621,0.00985229,0,-0.03686066
-2.531029,0.5000051,-4.664328,-0.01114718,0,0.05227224
-2.531029,0.5000051,-4.664328,0.001722912,0,-0.00122412
-2.532389,0.5000051,-4.647524,0.001498262,0,-0.01379617
-2.532389,0.5000051,-4.647524,-0.004773041,0,0.04863648
-2.53258,0.5000051,-4.630051,0.003228505,0,-0.03628123
-2.53258,0.5000051,-4.613307,-0.001871884,0,0.05460612
-2.53258,0.5000051,-4.613307,0.0007065336,0,-0.002805869
-2.53258,0.5000051,-4.595078,-0.000207146,0,-0.01316504
-2.53258,0.5000051,-4.576318,4.780293E-05,0,0.05174692
-2.53258,0.5000051,-4.576318,0,0,-3.949801E-05
-2.53258,0.5000051,-4.556223,0,0,-0.01621
-2.53258,0.5000051,-4.536166,0,0,0.05763185
-2.53258,0.5000051,-4.536166,0,0,-0.001421293
-2.53258,0.5000051,-4.517463,0,0,-0.0166721
-2.53258,0.5000051,-4.5004,0,0,0.05566883
-2.53258,0.5000051,-4.5004,0,0,-0.005312363
-2.53258,0.5000051,-4.48162,0,0,-0.0124437
-2.53258,0.5000051,-4.464819,0,0,0.05293334
-2.53258,0.5000051,-4.464819,0,0,-0.005257686
-2.53258,0.5000051,-4.447143,0,0,-0.01185747
-2.53258,0.5000051,-4.447143,0,0,0.05033286
-2.53258,0.5000051,-4.428596,0,0,-0.03808081
-2.53258,0.5000051,-4.411398,0,0,0.05778961
-2.53258,0.5000051,-4.411398,0,0,-0.004139384
-2.53258,0.5000051,-4.392654,0,0,-0.01286944
-2.53258,0.5000051,-4.375066,0,0,0.05304297
-2.53258,0.5000051,-4.375066,0,0,-0.003581524
-2.53258,0.5000051,-4.356445,0,0,-0.01340604
-2.53258,0.5000051,-4.356445,0,0,0.05316114
-2.53258,0.5000051,-4.337993,0,0,-0.04008643
-2.53258,0.5000051,-4.320847,0,0,0.05861521
-2.53258,0.5000051,-4.320847,0,0,-0.004301628
-2.53258,0.5000051,-4.302467,0,0,-0.01287301
-2.53258,0.5000051,-4.285769,0,0,0.05225281
-2.53258,0.5000051,-4.285769,0,0,-0.004727006
-2.53258,0.5000051,-4.267745,0,0,-0.01209295
-2.53258,0.5000051,-4.249063,0,0,0.05104339
-2.53258,0.5000051,-4.249063,0,0,0.0002013445
-2.53258,0.5000051,-4.230484,0,0,-0.01628172
-2.53258,0.5000051,-4.230484,0,0,0.05444022
-2.53258,0.5000051,-4.211474,0,0,-0.04028118
-2.53258,0.5000051,-4.194588,0,0,0.05973108
-2.53258,0.5000051,-4.194588,0,0,-0.005899271
-2.533671,0.5000051,-4.171881,0,0,-0.01177247
-2.535053,0.5000051,-4.155271,-0.00227193,0,0.06084776
-2.535053,0.5000051,-4.155271,-0.0007902185,0,-0.01313893
-2.538118,0.5000051,-4.136421,0.001468559,0,-0.007236878
-2.541404,0.5000051,-4.119847,-0.007609824,0,0.0515881
-2.541404,0.5000051,-4.119847,-0.000626564,0,-0.005753438
-2.546302,0.5000051,-4.102113,0.002978384,0,-0.01134507
-2.55179,0.5000051,-4.084678,-0.01299763,0,0.05018902
-2.55179,0.5000051,-4.084678,-0.001225114,0,-0.001811465
-2.558899,0.5000051,-4.066666,0.005213439,0,-0.01420482
-2.565721,0.5000051,-4.05084,-0.01953057,0,0.05197946
-2.565721,0.5000051,-4.05084,0.0007843971,0,-0.005911549
-2.574003,0.5000051,-4.03458,0.005374432,0,-0.01081963
-2.582896,0.5000051,-4.018367,-0.02286879,0,0.04651685
-2.582896,0.5000051,-4.018367,-0.0009445548,0,-0.00134476
-2.592818,0.5000051,-4.002671,0.00807023,0,-0.01345964
-2.592818,0.5000051,-4.002671,-0.02823428,0,0.04619809
-2.603508,0.5000051,-3.987514,0.02124115,0,-0.03413641
-2.613773,0.5000051,-3.973676,-0.03302115,0,0.04858009
-2.613773,0.5000051,-3.973676,0.001586497,0,-0.004144053
-2.625001,0.5000051,-3.959913,0.008092105,0,-0.01010404
-2.625001,0.5000051,-3.959913,-0.03183999,0,0.03987437
-2.636853,0.5000051,-3.946585,0.02408751,0,-0.02983771
-2.647029,0.5000051,-3.935535,-0.036855,0,0.04267716
-2.647029,0.5000051,-3.935535,0.004323224,0,-0.005966703
-2.662745,0.5000051,-3.919819,0.006664256,0,-0.006739418
-2.67487,0.5000051,-3.907694,-0.04080212,0,0.04137975
-2.67487,0.5000051,-3.907694,0.007404506,0,-0.007623017
-2.688245,0.5000051,-3.894319,0.006215036,0,-0.006215036
-2.700239,0.5000051,-3.882325,-0.03707117,0,0.03707117
-2.700239,0.5000051,-3.882325,0.00367866,0,-0.00367866
-2.712009,0.5000051,-3.870555,0.008499364,0,-0.008499364
-2.712009,0.5000051,-3.870555,-0.03417029,0,0.03417029
-2.724728,0.5000051,-3.857836,0.02555726,0,-0.02555726
-2.736904,0.5000051,-3.84566,-0.03924882,0,0.03924882
-2.736904,0.5000051,-3.84566,0.001953582,0,-0.001953582
-2.750518,0.5000051,-3.832046,0.009558777,0,-0.009558777
-2.762527,0.5000051,-3.820037,-0.03837256,0,0.03837256
-2.762527,0.5000051,-3.820037,0.004116992,0,-0.004116992
-2.778141,0.5000051,-3.804423,0.008270065,0,-0.008270065
-2.789119,0.5000051,-3.793445,-0.04213504,0,0.04213504
-2.789119,0.5000051,-3.793445,0.01005753,0,-0.01005753
-2.801985,0.5000051,-3.780579,0.00412645,0,-0.00412645
-2.801985,0.5000051,-3.780579,-0.03479363,0,0.03479363
-2.812748,0.5000051,-3.769816,0.02740437,0,-0.02740437
-2.827549,0.5000051,-3.755015,-0.03636245,0,0.03636245
-2.839786,0.5000051,-3.742778,-0.006987154,0,0.006987154
-2.839786,0.5000051,-3.742778,-0.008788248,0,0.008788248
-2.851071,0.5000051,-3.731493,0.01011254,0,-0.01011254
-2.862108,0.5000051,-3.720456,-0.03306733,0,0.03306733
-2.862108,0.5000051,-3.720456,0.001695156,0,-0.001695156
-2.873863,0.5000051,-3.7087,0.008928776,0,-0.008928776
-2.873863,0.5000051,-3.7087,-0.03362646,0,0.03362646
-2.885427,0.5000051,-3.697137,0.02529099,0,-0.02529099
-2.897487,0.5000051,-3.685077,-0.03682606,0,0.03682606
-2.897487,0.5000051,-3.685077,-2.247095E-05,0,2.247095E-05
-2.908379,0.5000051,-3.674185,0.01058769,0,-0.01058769
-2.923002,0.5000051,-3.659562,-0.03286552,0,0.03286552
-2.923002,0.5000051,-3.659562,-0.00657328,0,0.00657328
-2.935753,0.5000051,-3.646811,0.0162277,0,-0.0162277
-2.935753,0.5000051,-3.646811,-0.03968282,0,0.03968282
-2.947392,0.5000051,-3.635172,0.02809489,0,-0.02809489
-2.960925,0.5000051,-3.621639,-0.0380616,0,0.0380616
-2.960925,0.5000051,-3.621639,-0.002697964,0,0.002697964
-2.974478,0.5000051,-3.608086,0.01332943,0,-0.01332943
-2.988943,0.5000051,-3.593621,-0.03998631,0,0.03998631
-2.988943,0.5000051,-3.593621,-0.00077643,0,0.00077643
-3.005283,0.5000051,-3.577281,0.01304291,0,-0.01304291
-3.016845,0.5000051,-3.565718,-0.04632475,0,0.04632475
-3.030805,0.5000051,-3.551759,0.01084743,0,-0.01084743
-3.030805,0.5000051,-3.551759,-0.02462284,0,0.02462284
-3.04368,0.5000051,-3.538884,0.01831452,0,-0.01831452
-3.056251,0.5000051,-3.526313,-0.03905598,0,0.03905598
-3.056251,0.5000051,-3.526313,0.001979649,0,-0.001979649
-3.067994,0.5000051,-3.51457,0.01014471,0,-0.01014471
-3.082365,0.5000051,-3.500199,-0.03486375,0,0.03486375
-3.082365,0.5000051,-3.500199,-0.00429076,0,0.00429076
-3.09502,0.5000051,-3.487544,0.01482397,0,-0.01482397
-3.09502,0.5000051,-3.487544,-0.03899813,0,0.03899813
-3.107575,0.5000051,-3.474989,0.02784836,0,-0.02784836
-3.121086,0.5000051,-3.461478,-0.03986512,0,0.03986512
-3.121086,0.5000051,-3.461478,-0.0009219646,0,0.0009219646
-3.136481,0.5000051,-3.446083,0.01229602,0,-0.01229602
-3.148355,0.5000051,-3.434209,-0.04356998,0,0.04356998
-3.148355,0.5000051,-3.434209,0.008144517,0,-0.008144517
-3.163314,0.5000051,-3.41925,0.006082734,0,-0.006082734
-3.17573,0.5000051,-3.406834,-0.04018046,0,0.04018046
-3.17573,0.5000051,-3.406834,0.005775332,0,-0.005775332
-3.185599,0.5000051,-3.396965,0.007590055,0,-0.007590055
-3.197204,0.5000051,-3.38536,-0.03027111,0,0.03027111
-3.197204,0.5000051,-3.38536,-0.002158105,0,0.002158105
-3.208351,0.5000051,-3.374213,0.0115521,0,-0.0115521
-3.222483,0.5000051,-3.360081,-0.03332676,0,0.03332676
-3.222483,0.5000051,-3.360081,-0.005177577,0,0.005177577
-3.237558,0.5000051,-3.345006,0.01501213,0,-0.01501213
-3.248179,0.5000051,-3.334385,-0.04392932,0,0.04392932
-3.248179,0.5000051,-3.334385,0.01029913,0,-0.01029913
-3.2614,0.5000051,-3.321163,0.004026095,0,-0.004026095
-3.275318,0.5000051,-3.307245,-0.03528227,0,0.03528227
-3.275318,0.5000051,-3.307245,-0.0009991924,0,0.0009991924
-3.291766,0.5000051,-3.290798,0.01235272,0,-0.01235272
-3.302952,0.5000051,-3.279612,-0.04603859,0,0.04603859
-3.302952,0.5000051,-3.279612,0.01170047,0,-0.01170047
-3.319206,0.5000051,-3.263357,0.003621181,0,-0.003621181
-3.329276,0.5000051,-3.253288,-0.04186948,0,0.04186948
-3.329276,0.5000051,-3.253288,0.01297194,0,-0.01297194
-3.341328,0.5000051,-3.241236,0.00169158,0,-0.00169158
-3.350852,0.5000051,-3.231712,-0.03195286,0,0.03195286
-3.350852,0.5000051,-3.231712,0.005775432,0,-0.005775432
-3.363086,0.5000051,-3.218176,0.005197743,0,-0.005197743
-3.373897,0.5000051,-3.205736,-0.0327938,0,0.03550531
-3.373897,0.5000051,-3.205736,0.003309568,0,-0.002410173
-3.384843,0.5000051,-3.191923,0.007465383,0,-0.009177864
-3.384843,0.5000051,-3.191923,-0.03145725,0,0.03887061
-3.394678,0.5000051,-3.178326,0.02368295,0,-0.0295862
-3.394678,0.5000051,-3.178326,-0.03234706,0,0.04329149
-3.403214,0.5000051,-3.165273,0.02158608,0,-0.02951392
-3.410796,0.5000051,-3.153117,-0.02843811,0,0.04192346
-3.410796,0.5000051,-3.153117,0.003024717,0,-0.003092806
-3.420801,0.5000051,-3.134512,0.005283912,0,-0.009157876
-3.428922,0.5000051,-3.118249,-0.02692417,0,0.04866691
-3.428922,0.5000051,-3.118249,0.004153808,0,-0.004819155
-3.435702,0.5000051,-3.102172,0.004726013,0,-0.01101393
-3.441904,0.5000051,-3.086073,-0.02042121,0,0.04646121
-3.441904,0.5000051,-3.086073,0.002104282,0,-0.001342336
-3.448232,0.5000051,-3.064858,0.004542232,0,-0.01343815
-3.453267,0.5000051,-3.045139,-0.01820789,0,0.057618
-3.453267,0.5000051,-3.045139,0.003191392,0,-0.00360467
-3.456754,0.5000051,-3.026004,0.00279365,0,-0.01481237
-3.459311,0.5000051,-3.0083,-0.01113671,0,0.05592428
-3.459311,0.5000051,-3.0083,0.002614578,0,-0.004722258
-3.460572,0.5000051,-2.990672,0.001123746,0,-0.01320304
-3.460572,0.5000051,-2.990672,-0.004524688,0,0.05112064
-3.460572,0.5000051,-2.972076,0.003055314,0,-0.03821297
-3.460572,0.5000051,-2.956641,-0.001365562,0,0.05783699
-3.460572,0.5000051,-2.956641,0.0003151298,0,-0.007891119
-3.460572,0.5000051,-2.940791,0,0,-0.009439349
-3.460572,0.5000051,-2.940791,0,0,0.04509465
-3.460572,0.5000051,-2.923537,0,0,-0.03423901
-3.460572,0.5000051,-2.923537,0,0,0.0531165
-3.460572,0.5000051,-2.906109,0,0,-0.03703211
-3.460572,0.5000051,-2.889751,0,0,0.0550006
-3.460572,0.5000051,-2.889751,0,0,-0.00363938
-3.460572,0.5000051,-2.871669,0,0,-0.01247142
-3.460572,0.5000051,-2.871669,0,0,0.05103384
-3.460572,0.5000051,-2.855268,0,0,-0.03874594
-3.460572,0.5000051,-2.840012,0,0,0.05375683
-3.460572,0.5000051,-2.840012,0,0,-0.00417163
-3.460572,0.5000051,-2.824066,0,0,-0.01147344
-3.460572,0.5000051,-2.824066,0,0,0.04564846
-3.460572,0.5000051,-2.80483,0,0,-0.0343775
-3.460572,0.5000051,-2.787948,0,0,0.05735018
-3.460572,0.5000051,-2.787948,0,0,-0.005683998
-3.460572,0.5000051,-2.769324,0,0,-0.01151888
-3.460572,0.5000051,-2.752914,0,0,0.05228041
-3.460572,0.5000051,-2.752914,0,0,-0.005729993
-3.460572,0.5000051,-2.734791,0,0,-0.01127573
-3.460572,0.5000051,-2.734791,0,0,0.05087765
-3.460572,0.5000051,-2.716927,0,0,-0.03883845
-3.460572,0.5000051,-2.699297,0,0,0.05685055
-3.460572,0.5000051,-2.699297,0,0,-0.002042174
-3.460572,0.5000051,-2.679973,0,0,-0.0144372
-3.460572,0.5000051,-2.66184,0,0,0.05489017
-3.460572,0.5000051,-2.66184,0,0,-0.003666361
-3.460572,0.5000051,-2.645542,0,0,-0.0138218
-3.460572,0.5000051,-2.645542,0,0,0.04876691
-3.460572,0.5000051,-2.628814,0,0,-0.03577038
-3.460572,0.5000051,-2.611296,0,0,0.05250704
-3.460572,0.5000051,-2.611296,0,0,0.0003568133
-3.460572,0.5000051,-2.594651,0,0,-0.01545219
-3.460572,0.5000051,-2.577513,0,0,0.04947392
-3.460572,0.5000051,-2.577513,0,0,-0.0005818009
-3.460572,0.5000051,-2.559962,0,0,-0.01481295
-3.460572,0.5000051,-2.559962,0,0,0.05096863
-3.460572,0.5000051,-2.540382,0,0,-0.03792403
-3.460572,0.5000051,-2.522614,0,0,0.05980571
-3.460572,0.5000051,-2.522614,0,0,-0.004900396
-3.460572,0.5000051,-2.502733,0,0,-0.01284289
-3.460572,0.5000051,-2.486103,0,0,0.05577403
-3.460572,0.5000051,-2.486103,0,0,-0.007903318
-3.460572,0.5000051,-2.467779,0,0,-0.01033525
-3.460572,0.5000051,-2.467779,0,0,0.05121857
-3.460572,0.5000051,-2.449398,0,0,-0.03927692
-3.460572,0.5000051,-2.433164,0,0,0.05814461
-3.460572,0.5000051,-2.433164,0,0,-0.005990565
-3.460572,0.5000051,-2.416043,0,0,-0.01120234
-3.460572,0.5000051,-2.416043,0,0,0.04866008
-3.460572,0.5000051,-2.400599,0,0,-0.03687348
-3.460572,0.5000051,-2.400599,0,0,0.05072365
-3.460572,0.5000051,-2.382026,0,0,-0.0338822
-3.460572,0.5000051,-2.366326,0,0,0.05542342
-3.460572,0.5000051,-2.366326,0,0,-0.006748597
-3.460572,0.5000051,-2.348413,0,0,-0.009972553
-3.460572,0.5000051,-2.348413,0,0,0.04968365
-3.460572,0.5000051,-2.329611,0,0,-0.03825762
-3.460572,0.5000051,-2.313959,0,0,0.05857652
-3.460572,0.5000051,-2.313959,0,0,-0.007906437
-3.460572,0.5000051,-2.297175,0,0,-0.009631455
-3.460572,0.5000051,-2.297175,0,0,0.04722331
-3.460572,0.5000051,-2.278449,0,0,-0.0360828
-3.460572,0.5000051,-2.261873,0,0,0.05719511
-3.460572,0.5000051,-2.261873,0,0,-0.005555352
-3.460572,0.5000051,-2.2457,0,0,-0.01148303
-3.460572,0.5000051,-2.2457,0,0,0.04696916
-3.460572,0.5000051,-2.228188,0,0,-0.03514232
-3.460572,0.5000051,-2.211771,0,0,0.05400489
-3.460572,0.5000051,-2.211771,0,0,-0.003405929
-3.460572,0.5000051,-2.193396,0,0,-0.01249474
-3.460572,0.5000051,-2.193396,0,0,0.05168738
-3.460572,0.5000051,-2.173906,0,0,-0.039322
-3.460572,0.5000051,-2.15775,0,0,0.06051081
-3.460572,0.5000051,-2.15775,0,0,-0.008293112
-3.460572,0.5000051,-2.140902,0,0,-0.009849985
-3.460572,0.5000051,-2.123599,0,0,0.04773082
-3.460572,0.5000051,-2.123599,0,0,-0.0002850095
-3.460572,0.5000051,-2.105591,0,0,-0.01491074
-3.460572,0.5000051,-2.105591,0,0,0.0520486
-3.460572,0.5000051,-2.086091,0,0,-0.03884055
-3.460572,0.5000051,-2.069122,0,0,0.06013443
-3.460572,0.5000051,-2.069122,0,0,-0.006525874
-3.460572,0.5000051,-2.051673,0,0,-0.01139832
-3.460572,0.5000051,-2.034535,0,0,0.0498593
-3.460572,0.5000051,-2.034535,0,0,-0.001981338
-3.460572,0.5000051,-2.016782,0,0,-0.01394512
-3.460572,0.5000051,-2.016782,0,0,0.05118968
-3.460572,0.5000051,-1.99786,0,0,-0.03831132
-3.460572,0.5000051,-1.979219,0,0,0.05865208
-3.460572,0.5000051,-1.979219,0,0,-0.001868347
-3.460572,0.5000051,-1.960792,0,0,-0.01523087
-3.460572,0.5000051,-1.940043,0,0,0.05385444
-3.460572,0.5000051,-1.913419,0,0,0.003248066
-3.460572,0.5000051,-1.913419,0,0,0.03565961
-3.460572,0.5000051,-1.897383,0,0,-0.03315721
-3.460572,0.5000051,-1.881586,0,0,0.05706437
-3.460572,0.5000051,-1.881586,0,0,-0.00448209
-3.460572,0.5000051,-1.862696,0,0,-0.01290473
-3.460572,0.5000051,-1.862696,0,0,0.05245753
-3.460572,0.5000051,-1.842536,0,0,-0.04015422
-3.460572,0.5000051,-1.826221,0,0,0.06246434
-3.460572,0.5000051,-1.826221,0,0,-0.009373695
-3.460572,0.5000051,-1.807377,0,0,-0.009429812
-3.460572,0.5000051,-1.790429,0,0,0.05189295
-3.460572,0.5000051,-1.790429,0,0,-0.004889568
-3.460572,0.5000051,-1.769979,0,0,-0.01206802
-3.460572,0.5000051,-1.769979,0,0,0.05625305
-3.460572,0.5000051,-1.750848,0,0,-0.0434329
-3.460572,0.5000051,-1.734742,0,0,0.06201093
-3.460572,0.5000051,-1.734742,0,0,-0.008225699
-3.460572,0.5000051,-1.716323,0,0,-0.01014509
-3.460572,0.5000051,-1.69743,0,0,0.0510375
-3.460572,0.5000051,-1.69743,0,0,3.357728E-05
-3.460572,0.5000051,-1.679265,0,0,-0.01625989
-3.460572,0.5000051,-1.662707,0,0,0.05370547
-3.460572,0.5000051,-1.662707,0,0,-0.005040189
-3.460572,0.5000051,-1.645986,0,0,-0.01206016
-3.460572,0.5000051,-1.645986,0,0,0.04823223
-3.460572,0.5000051,-1.627972,0,0,-0.03618741
-3.460572,0.5000051,-1.610408,0,0,0.05564323
-3.460572,0.5000051,-1.610408,0,0,-0.002115071
-3.460572,0.5000051,-1.591559,0,0,-0.01414943
-3.460572,0.5000051,-1.574752,0,0,0.05379188
-3.460572,0.5000051,-1.574752,0,0,-0.005501936
-3.460572,0.5000051,-1.555711,0,0,-0.01179491
-3.460572,0.5000051,-1.53735,0,0,0.05316495
-3.460572,0.5000051,-1.53735,0,0,-0.0024454
-3.460572,0.5000051,-1.520651,0,0,-0.01456392
-3.460572,0.5000051,-1.520651,0,0,0.04992099
-3.460572,0.5000051,-1.503059,0,0,-0.03659726
-3.460572,0.5000051,-1.485423,0,0,0.05473934
-3.460572,0.5000051,-1.485423,0,0,-0.001149078
-3.460572,0.5000051,-1.467051,0,0,-0.01474573
-3.460572,0.5000051,-1.449866,0,0,0.0529838
-3.460572,0.5000051,-1.449866,0,0,-0.003820121
-3.460572,0.5000051,-1.431029,0,0,-0.013035
-3.460572,0.5000051,-1.431029,0,0,0.05326794
-3.460572,0.5000051,-1.412344,0,0,-0.04040051
-3.460572,0.5000051,-1.394991,0,0,0.05933253
-3.460572,0.5000051,-1.394991,0,0,-0.004367789
-3.460572,0.5000051,-1.376852,0,0,-0.01301952
-3.460572,0.5000051,-1.358863,0,0,0.05191791
-3.460572,0.5000051,-1.358863,0,0,-0.001628657
-3.460572,0.5000051,-1.334653,0,0,-0.01482739
-3.460572,0.5000051,-1.315812,0,0,0.06539195
-3.460572,0.5000051,-1.294514,0,0,-0.01164977
-3.460572,0.5000051,-1.294514,0,0,0.03448679
-3.460572,0.5000051,-1.275062,0,0,-0.0264621
-3.460572,0.5000051,-1.258182,0,0,0.05888727
-3.460572,0.5000051,-1.258182,0,0,-0.007439812
-3.460572,0.5000051,-1.238991,0,0,-0.01128121
-3.460572,0.5000051,-1.221919,0,0,0.05340451
-3.460572,0.5000051,-1.221919,0,0,-0.005434682
-3.460572,0.5000051,-1.204789,0,0,-0.01193218
-3.460572,0.5000051,-1.204789,0,0,0.04938491
-3.460572,0.5000051,-1.185536,0,0,-0.03710061
-3.460572,0.5000051,-1.16791,0,0,0.05866747
-3.460572,0.5000051,-1.16791,0,0,-0.004462481
-3.460572,0.5000051,-1.148986,0,0,-0.01292631
-3.460572,0.5000051,-1.131516,0,0,0.05370681
-3.460572,0.5000051,-1.131516,0,0,-0.004281451
-3.460572,0.5000051,-1.11394,0,0,-0.0129834
-3.460572,0.5000051,-1.096058,0,0,0.05081059
-3.460572,0.5000051,-1.096058,0,0,-0.0007987718
-3.460572,0.5000051,-1.077767,0,0,-0.0152346
-3.460572,0.5000051,-1.060436,0,0,0.05308504
-3.460572,0.5000051,-1.060436,0,0,-0.003422846
-3.460572,0.5000051,-1.039124,0,0,-0.01340183
-3.460572,0.5000051,-1.023032,0,0,0.0586036
-3.460572,0.5000051,-1.023032,0,0,-0.01165889
-3.460572,0.5000051,-1.008467,0,0,-0.007752518
-3.460572,0.5000051,-0.9934784,0,0,0.04244883
-3.460572,0.5000051,-0.9934784,0,0,-0.0007141481
-3.460572,0.5000051,-0.9814847,0,0,-0.01294854
-3.460572,0.5000051,-0.9814847,0,0,0.03758301
-3.460572,0.5000051,-0.9695964,0,0,-0.02673506
-3.460572,0.5000051,-0.9585267,0,0,0.03776028
-3.460572,0.5000051,-0.9585267,0,0,-0.002722124
-3.460572,0.5000051,-0.9489485,0,0,-0.008338179
-3.460572,0.5000051,-0.9404989,0,0,0.02897472
-3.460572,0.5000051,-0.9404989,0,0,-0.003522237
-3.460572,0.5000051,-0.9332086,0,0,-0.005818745
-3.460572,0.5000051,-0.9332086,0,0,0.02194721
-3.460572,0.5000051,-0.9268963,0,0,-0.01608537
-3.460572,0.5000051,-0.9215583,0,0,0.02104854
-3.460572,0.5000051,-0.9215583,0,0,-0.002800534
-3.460572,0.5000051,-0.9174033,0,0,-0.003392677
-3.460572,0.5000051,-0.914301,0,0,0.0128609
-3.460572,0.5000051,-0.914301,0,0,-0.002834946
-3.460572,0.5000051,-0.9121758,0,0,-0.001444966
-3.460572,0.5000051,-0.9107135,0,0,0.006749531
-3.460572,0.5000051,-0.9107135,0,0,-0.001802241
-3.460572,0.5000051,-0.9107078,0,0,-0.0005005797
-3.460572,0.5000051,-0.9107078,0,0,0.001064713
-3.460572,0.5000051,-0.9107078,0,0,-0.0003764381
-3.460572,0.5000051,-0.9107078,0,0,6.134311E-06
-3.460572,0.5000051,-0.9107078,0,0,-1.41561E-06
-3.460572,0.5000051,-0.9107078,0,0,0
-3.460572,0.5000051,-0.9107078,0,0,0
-3.460572,0.5000051,-0.9107078,0,0,0
-3.460572,0.5000051,-0.9107078,0,0,0
-3.460572,0.5000051,-0.9107078,0,0,0
-3.460572,0.5000051,-0.9107078,0,0,0
-3.460572,0.5000051,-0.9107078,0,0,0
-3.460572,0.5000051,-0.9107078,0,0,0
-3.460572,0.5000051,-0.9107078,0,0,0
-3.460572,0.5000051,-0.9107078,0,0,0
-3.460572,0.5000051,-0.9107078,0,0,0
-3.460572,0.5000051,-0.9107078,0,0,0
-3.460572,0.5000051,-0.9107078,0,0,0
-3.460572,0.5000051,-0.9107078,0,0,0
-3.460572,0.5000051,-0.9107078,0,0,0
-3.460572,0.5000051,-0.9107078,0,0,0
-3.460572,0.5000051,-0.9107078,0,0,0
-3.460572,0.5000051,-0.9107078,0,0,0
-3.460572,0.5000051,-0.9107078,0,0,0
-3.460572,0.5000051,-0.9107078,0,0,0
-3.460572,0.5000051,-0.9107078,0,0,0
-3.460572,0.5000051,-0.9107078,0,0,0
-3.460572,0.5000051,-0.9107078,0,0,0
-3.460572,0.5000051,-0.9107078,0,0,0
-3.460572,0.5000051,-0.9107078,0,0,0
-3.460572,0.5000051,-0.9107078,0,0,0
-3.460572,0.5000051,-0.9107078,0,0,0
-3.460572,0.5000051,-0.9107078,0,0,0
-3.460572,0.5000051,-0.9107078,0,0,0
-3.460572,0.5000051,-0.9107078,0,0,0
-3.460572,0.5000051,-0.9107078,0,0,0
-3.460572,0.5000051,-0.9107078,0,0,0
-3.460572,0.5000051,-0.9107078,0,0,0
-3.460572,0.5000051,-0.9107078,0,0,0
-3.460572,0.5000051,-0.9107078,0,0,0
-3.460572,0.5000051,-0.9107078,0,0,0
-3.460572,0.5000051,-0.9107078,0,0,0
-3.460572,0.5000051,-0.9107078,0,0,0
-3.460572,0.5000051,-0.9107078,0,0,0
-3.460572,0.5000051,-0.9107078,0,0,0
-3.460572,0.5000051,-0.9107078,0,0,0
-3.460572,0.5000051,-0.9107078,0,0,0
-3.460572,0.5000051,-0.9107078,0,0,0
-3.460572,0.5000051,-0.9107078,0,0,0
-3.460572,0.5000051,-0.9107078,0,0,0
-3.460572,0.5000051,-0.9107078,0,0,0
-3.460572,0.5000051,-0.9107078,0,0,0
-3.460572,0.5000051,-0.9107078,0,0,0
-3.460572,0.5000051,-0.9107078,0,0,0
-3.460572,0.5000051,-0.9107078,0,0,0
-3.460572,0.5000051,-0.9107078,0,0,0
-3.460572,0.5000051,-0.9107078,0,0,0
-3.460572,0.5000051,-0.9107078,0,0,0
-3.460572,0.5000051,-0.9107078,0,0,0
-3.460572,0.5000051,-0.9107078,0,0,0
-3.460572,0.5000051,-0.9107078,0,0,0
-3.460572,0.5000051,-0.9107078,0,0,0
-3.460572,0.5000051,-0.9107078,0,0,0
-3.460572,0.5000051,-0.9107078,0,0,0
-3.460572,0.5000051,-0.9107078,0,0,0
-3.460572,0.5000051,-0.9107078,0,0,0
-3.460572,0.5000051,-0.9107078,0,0,0
-3.460572,0.5000051,-0.9107078,0,0,0
-3.460572,0.5000051,-0.9107078,0,0,0
-3.460572,0.5000051,-0.9107078,0,0,0
-3.460572,0.5000051,-0.9107078,0,0,0
-3.460572,0.5000051,-0.9098485,0,0,0
-3.460572,0.5000051,-0.9098485,0,0,0.001790375
-3.460572,0.5000051,-0.9076652,0,0,-0.001647145
-3.460572,0.5000051,-0.9051474,0,0,0.00547945
-3.460572,0.5000051,-0.9051474,0,0,0.0008459091
-3.460572,0.5000051,-0.9010421,0,0,-0.00246051
-3.460572,0.5000051,-0.8964753,0,0,0.01073453
-3.460572,0.5000051,-0.8964753,0,0,0.001016279
-3.460572,0.5000051,-0.8897693,0,0,-0.004305685
-3.460572,0.5000051,-0.8829805,0,0,0.01789179
-3.460572,0.5000051,-0.8829805,0,0,0.0001485497
-3.460572,0.5000051,-0.8745207,0,0,-0.00574708
-3.460572,0.5000051,-0.8745207,0,0,0.02330264
-3.460572,0.5000051,-0.8645723,0,0,-0.01791183
-3.460572,0.5000051,-0.8545315,0,0,0.02989069
-3.460572,0.5000051,-0.8545315,0,0,-0.0002644062
-3.460572,0.5000051,-0.8432434,0,0,-0.008467436
-3.460572,0.5000051,-0.8308888,0,0,0.03190733
-3.460572,0.5000051,-0.8308888,0,0,0.001592909
-3.460572,0.5000051,-0.8167459,0,0,-0.01145078
-3.460572,0.5000051,-0.8167459,0,0,0.04002651
-3.460572,0.5000051,-0.8011486,0,0,-0.03019592
-3.460572,0.5000051,-0.7870562,0,0,0.04781585
-3.460572,0.5000051,-0.7870562,0,0,-0.00407139
-3.460572,0.5000051,-0.7671893,0,0,-0.01011335
-3.460572,0.5000051,-0.7480152,0,0,0.05275677
-3.460572,0.5000051,-0.7480152,0,0,-0.001655251
-3.460572,0.5000051,-0.7298822,0,0,-0.0152279
-3.460572,0.5000051,-0.7136016,0,0,0.05358227
-3.460572,0.5000051,-0.7136016,0,0,-0.005630513
-3.460572,0.5000051,-0.6954722,0,0,-0.0115604
-3.460572,0.5000051,-0.6778216,0,0,0.05087366
-3.460572,0.5000051,-0.6778216,0,0,-0.002046088
-3.460572,0.5000051,-0.6604078,0,0,-0.01419013
-3.460572,0.5000051,-0.6604078,0,0,0.050868
-3.460572,0.5000051,-0.6398678,0,0,-0.03778921
-3.460572,0.5000051,-0.6215168,0,0,0.06165667
-3.460572,0.5000051,-0.6215168,0,0,-0.005490631
-3.460572,0.5000051,-0.6030642,0,0,-0.01292101
-3.460572,0.5000051,-0.5849585,0,0,0.05318822
-3.460572,0.5000051,-0.5849585,0,0,-0.002235129
-3.460572,0.5000051,-0.5712872,0,0,-0.0147122
-3.460572,0.5000051,-0.5533934,0,0,0.04348329
-3.460572,0.5000051,-0.5533934,0,0,0.006548787
-3.460572,0.5000051,-0.5356272,0,0,-0.0194857
-3.460572,0.5000051,-0.5356272,0,0,0.05297991
-3.460572,0.5000051,-0.5206288,0,0,-0.03852527
-3.460572,0.5000051,-0.5015513,0,0,0.05049343
-3.460572,0.5000051,-0.5015513,0,0,0.006556327
-3.460572,0.5000051,-0.4843225,0,0,-0.02031698
-3.460572,0.5000051,-0.4655959,0,0,0.0528109
-3.460572,0.5000051,-0.4655959,0,0,0.001222807
-3.460572,0.5000051,-0.4492071,0,0,-0.01722835
-3.460572,0.5000051,-0.4333366,0,0,0.05012333
-3.460572,0.5000051,-0.4333366,0,0,-0.003029982
-3.460572,0.5000051,-0.4170837,0,0,-0.01266392
-3.460572,0.5000051,-0.4170837,0,0,0.04695605
-3.460572,0.5000051,-0.4015872,0,0,-0.03511902
-3.460572,0.5000051,-0.385771,0,0,0.04989161
-3.460572,0.5000051,-0.385771,0,0,-0.0008142765
-3.460572,0.5000051,-0.3702581,0,0,-0.01352663
-3.460572,0.5000051,-0.3702581,0,0,0.04557878
-3.460572,0.5000051,-0.3534491,0,0,-0.0336872
-3.460572,0.5000051,-0.3367119,0,0,0.05182435
-3.460572,0.5000051,-0.3367119,0,0,-0.001226127
-3.460572,0.5000051,-0.3210771,0,0,-0.01387003
-3.460572,0.5000051,-0.3012854,0,0,0.04650223
-3.460572,0.5000051,-0.3012854,0,0,0.007081665
-3.460572,0.5000051,-0.2791505,0,0,-0.02099635
-3.460572,0.5000051,-0.2642997,0,0,0.06364677
-3.460572,0.5000051,-0.2642997,0,0,-0.0164341
-3.460572,0.5000051,-0.2424794,0,0,-0.004484484
-3.460572,0.5000051,-0.2266427,0,0,0.05601356
-3.460572,0.5000051,-0.2266427,0,0,-0.01254183
-3.460572,0.5000051,-0.2117526,0,0,-0.006714998
-3.460572,0.5000051,-0.2117526,0,0,0.04272242
-3.460572,0.5000051,-0.194222,0,0,-0.03249857
-3.460572,0.5000051,-0.194222,0,0,0.05265306
-3.460572,0.5000051,-0.1796843,0,0,-0.03732286
-3.460572,0.5000051,-0.162453,0,0,0.04927832
-3.460572,0.5000051,-0.162453,0,0,0.003651948
-3.460572,0.5000051,-0.1472302,0,0,-0.01727745
-3.460572,0.5000051,-0.1325532,0,0,0.04674703
-3.460572,0.5000051,-0.1325532,0,0,-0.002907886
-3.460572,0.5000051,-0.1174116,0,0,-0.01163946
-3.460572,0.5000051,-0.1174116,0,0,0.04363934
-3.460572,0.5000051,-0.1007089,0,0,-0.03269064
-3.460572,0.5000051,-0.08361901,0,0,0.05120079
-3.460572,0.5000051,-0.08361901,0,0,-0.0001951605
-3.460572,0.5000051,-0.06859215,0,0,-0.01466089
-3.460572,0.5000051,-0.04699948,0,0,0.04564428
-3.460572,0.5000051,-0.04699948,0,0,0.01191076
-3.460572,0.5000051,-0.02544147,0,0,-0.02510683
-3.460572,0.5000051,-0.009692395,0,0,0.06454786
-3.460572,0.5000051,0.01037419,0,0,-0.01390711
-3.460572,0.5000051,0.01037419,0,0,0.03497417
-3.460572,0.5000051,0.03121298,0,0,-0.02678896
-3.460572,0.5000051,0.05279229,0,0,0.06121567
-3.460572,0.5000051,0.07111199,0,0,-7.49249E-07
-3.460572,0.5000051,0.07111199,0,0,0.01938105
-3.460572,0.5000051,0.08913307,0,0,-0.01694487
-3.460572,0.5000051,0.1071309,0,0,0.05199543
-3.460572,0.5000051,0.1071309,0,0,-0.001624935
-3.460572,0.5000051,0.1234609,0,0,-0.01497292
-3.460572,0.5000051,0.1450525,0,0,0.04901318
-3.460572,0.5000051,0.1629884,0,0,0.009184011
-3.460572,0.5000051,0.1629884,0,0,0.01367322
-3.460572,0.5000051,0.1809365,0,0,-0.01506862
-3.460572,0.5000051,0.2027478,0,0,0.05142447
-3.460572,0.5000051,0.2027478,0,0,0.006555808
-3.460572,0.5000051,0.2213812,0,0,-0.0223613
-3.460572,0.5000051,0.2406165,0,0,0.05796147
-3.460572,0.5000051,0.2406165,0,0,-0.001093214
-3.460572,0.5000051,0.2628168,0,0,-0.01668155
-3.460572,0.5000051,0.2767389,0,0,0.06243052
-3.460572,0.5000051,0.2767389,0,0,-0.01835502
-3.460572,0.5000051,0.2983252,0,0,-0.002633706
-3.460572,0.5000051,0.3149449,0,0,0.05450359
-3.460572,0.5000051,0.3149449,0,0,-0.01022987
-3.460572,0.5000051,0.330656,0,0,-0.008469266
-3.460572,0.5000051,0.3505384,0,0,0.04533967
-3.460572,0.5000051,0.3505384,0,0,0.007153715
-3.460572,0.5000051,0.3685652,0,0,-0.02108753
-3.460572,0.5000051,0.3685652,0,0,0.05516726
-3.460572,0.5000051,0.3840739,0,0,-0.03952191
-3.460572,0.5000051,0.4015563,0,0,0.05183875
-3.460572,0.5000051,0.4209998,0,0,0.002190125
-3.460572,0.5000051,0.4209998,0,0,0.02380028
-3.460572,0.5000051,0.4393569,0,0,-0.02220451
-3.460572,0.5000051,0.4393569,0,0,0.05493699
-3.460572,0.5000051,0.4571519,0,0,-0.04004519
-3.460572,0.5000051,0.4783529,0,0,0.05695976
-3.460572,0.5000051,0.4783529,0,0,0.005472387
-3.460572,0.5000051,0.4950853,0,0,-0.02135733
-3.460572,0.5000051,0.5158121,0,0,0.05337823
-3.460572,0.5000051,0.5158121,0,0,0.005810037
-3.460572,0.5000051,0.5369038,0,0,-0.02159952
-3.460572,0.5000051,0.5369038,0,0,0.06221193
-3.460572,0.5000051,0.5532919,0,0,-0.04560745
-3.460572,0.5000051,0.5734708,0,0,0.05699113
-3.460572,0.5000051,0.5909845,0,0,0.005356034
-3.460572,0.5000051,0.5909845,0,0,0.01556434
-3.460572,0.5000051,0.608254,0,0,-0.01580443
-3.460572,0.5000051,0.6314355,0,0,0.04990655
-3.460572,0.5000051,0.6314355,0,0,0.0108165
-3.460572,0.5000051,0.6478649,0,0,-0.02572259
-3.460572,0.5000051,0.6478649,0,0,0.05502388
-3.460572,0.5000051,0.6626738,0,0,-0.0372851
-3.460572,0.5000051,0.681789,0,0,0.0486504
-3.460572,0.5000051,0.681789,0,0,0.007332285
-3.460572,0.5000051,0.6985605,0,0,-0.02059452
-3.460572,0.5000051,0.712058,0,0,0.05194654
-3.460572,0.5000051,0.712058,0,0,-0.008804311
-3.460572,0.5000051,0.7271607,0,0,-0.007701149
-3.460572,0.5000051,0.7271607,0,0,0.04189338
-3.460572,0.5000051,0.7484185,0,0,-0.0323212
-3.460572,0.5000051,0.7636549,0,0,0.06064836
-3.460572,0.5000051,0.7636549,0,0,-0.01277724
-3.460572,0.5000051,0.7782797,0,0,-0.006173869
-3.460572,0.5000051,0.7782797,0,0,0.04165984
-3.460572,0.5000051,0.7995605,0,0,-0.03183981
-3.460572,0.5000051,0.815088,0,0,0.06017849
-3.460572,0.5000051,0.815088,0,0,-0.01209537
-3.460572,0.5000051,0.8317392,0,0,-0.006706903
-3.460572,0.5000051,0.8481774,0,0,0.04619133
-3.460572,0.5000051,0.8481774,0,0,-0.001550491
-3.460572,0.5000051,0.8629044,0,0,-0.01346771
-3.460572,0.5000051,0.8629044,0,0,0.04432635
-3.460572,0.5000051,0.879346,0,0,-0.03233618
-3.460572,0.5000051,0.8969801,0,0,0.05020748
-3.460572,0.5000051,0.9248313,0,0,0.00154305
-3.460572,0.5000051,0.9248313,0,0,0.04203618
-3.460572,0.5000051,0.9449821,0,0,-0.03838813
-3.460572,0.5000051,0.9589381,0,0,0.06774435
-3.460572,0.5000051,0.9589381,0,0,-0.01650997
-3.460572,0.5000051,0.9795801,0,0,-0.004919122
-3.460572,0.5000051,0.9950446,0,0,0.05308551
-3.460572,0.5000051,1.019013,0,0,-0.01083514
-3.460572,0.5000051,1.019013,0,0,0.04265617
-3.460572,0.5000051,1.040059,0,0,-0.03434685
-3.460572,0.5000051,1.054057,0,0,0.06594612
-3.460572,0.5000051,1.054057,0,0,-0.017169
-3.460572,0.5000051,1.075045,0,0,-0.004028738
-3.460572,0.5000051,1.089158,0,0,0.05362706
-3.460572,0.5000051,1.089158,0,0,-0.01432247
-3.460572,0.5000051,1.104238,0,0,-0.004314462
-3.460572,0.5000051,1.121011,0,0,0.04145824
-3.460572,0.5000051,1.121011,0,0,0.002512912
-3.460572,0.5000051,1.136119,0,0,-0.015812
-3.460572,0.5000051,1.136119,0,0,0.04587673
-3.460572,0.5000051,1.153531,0,0,-0.03315111
-3.460572,0.5000051,1.171217,0,0,0.05264264
-3.460572,0.5000051,1.171217,0,0,-0.0003056327
-3.460572,0.5000051,1.186182,0,0,-0.01503397
-3.460572,0.5000051,1.206484,0,0,0.04598438
-3.460572,0.5000051,1.206484,0,0,0.009189665
-3.460572,0.5000051,1.225423,0,0,-0.0226987
-3.460572,0.5000051,1.244755,0,0,0.05770903
-3.460572,0.5000051,1.244755,0,0,-0.001100759
-3.460572,0.5000051,1.261228,0,0,-0.01653544
-3.460572,0.5000051,1.27889,0,0,0.05052608
-3.460572,0.5000051,1.27889,0,0,0.0003909767
-3.460572,0.5000051,1.298186,0,0,-0.01600742
-3.460572,0.5000051,1.298186,0,0,0.0552161
-3.460572,0.5000051,1.312192,0,0,-0.04139967
-3.460572,0.5000051,1.312192,0,0,0.05008351
-3.460572,0.5000051,1.329385,0,0,-0.03166911
-3.460572,0.5000051,1.345789,0,0,0.05099248
-3.460572,0.5000051,1.345789,0,0,-0.002280593
-3.460572,0.5000051,1.360896,0,0,-0.01281464
-3.460572,0.5000051,1.38011,0,0,0.04494448
-3.460572,0.5000051,1.38011,0,0,0.006974548
-3.460572,0.5000051,1.398205,0,0,-0.02046192
-3.460572,0.5000051,1.418145,0,0,0.05473677
-3.460572,0.5000051,1.418145,0,0,0.002055277
-3.460572,0.5000051,1.440897,0,0,-0.01861475
-3.460572,0.5000051,1.440897,0,0,0.06447839
-3.460572,0.5000051,1.458019,0,0,-0.04859369
-3.460572,0.5000051,1.477794,0,0,0.06031933
-3.460572,0.5000051,1.477794,0,0,0.00269266
-3.460572,0.5000051,1.495511,0,0,-0.01935328
-3.460572,0.5000051,1.515199,0,0,0.05405237
-3.460572,0.5000051,1.515199,0,0,0.002116293
-3.460572,0.5000051,1.53255,0,0,-0.01854265
-3.460572,0.5000051,1.53255,0,0,0.05304624
-3.460572,0.5000051,1.549188,0,0,-0.03817683
-3.460572,0.5000051,1.570002,0,0,0.05345926
-3.460572,0.5000051,1.570002,0,0,0.007134517
-3.460572,0.5000051,1.587296,0,0,-0.02186836
-3.460572,0.5000051,1.606406,0,0,0.05441801
-3.460572,0.5000051,1.606406,0,0,0.001462539
-3.460572,0.5000051,1.628213,0,0,-0.01789267
-3.460572,0.5000051,1.643922,0,0,0.06181012
-3.460572,0.5000051,1.643922,0,0,-0.01384681
-3.460572,0.5000051,1.666587,0,0,-0.006484926
-3.460572,0.5000051,1.682647,0,0,0.05878596
-3.460572,0.5000051,1.682647,0,0,-0.01391117
-3.460572,0.5000051,1.698743,0,0,-0.006227265
-3.460572,0.5000051,1.720063,0,0,0.04526493
-3.460572,0.5000051,1.720063,0,0,0.009551237
-3.460572,0.5000051,1.73836,0,0,-0.02342611
-3.460572,0.5000051,1.759284,0,0,0.05719134
-3.460572,0.5000051,1.759284,0,0,0.003193935
-3.460572,0.5000051,1.779342,0,0,-0.02028395
-3.460572,0.5000051,1.779342,0,0,0.05988001
-3.460572,0.5000051,1.79771,0,0,-0.04367414
-3.460572,0.5000051,1.814352,0,0,0.05999531
-3.460572,0.5000051,1.814352,0,0,-0.005547374
-3.460572,0.5000051,1.83262,0,0,-0.01199982
-3.460572,0.5000051,1.855104,0,0,0.05149564
-3.460572,0.5000051,1.877924,0,0,0.007667959
-3.460572,0.5000051,1.877924,0,0,0.02423717
-3.460572,0.5000051,1.893272,0,0,-0.02394743
-3.460572,0.5000051,1.909435,0,0,0.05107528
-3.460572,0.5000051,1.909435,0,0,-0.001448542
-3.460572,0.5000051,1.926438,0,0,-0.01435247
-3.460572,0.5000051,1.950053,0,0,0.04909438
-3.460572,0.5000051,1.950053,0,0,0.01257129
-3.460572,0.5000051,1.972368,0,0,-0.02684461
-3.460572,0.5000051,1.986034,0,0,0.0678224
-3.460572,0.5000051,1.986034,0,0,-0.02020455
-3.460572,0.5000051,2.007112,0,0,-0.002017508
-3.460572,0.5000051,2.022595,0,0,0.05313937
-3.460572,0.5000051,2.022595,0,0,-0.01156064
-3.460572,0.5000051,2.040017,0,0,-0.006840756
-3.460572,0.5000051,2.040017,0,0,0.04779898
-3.460572,0.5000051,2.05794,0,0,-0.03726242
-3.460572,0.5000051,2.077182,0,0,0.05621386
-3.460572,0.5000051,2.077182,0,0,0.001378576
-3.460572,0.5000051,2.098582,0,0,-0.01746317
-3.460572,0.5000051,2.114587,0,0,0.06094773
-3.460572,0.5000051,2.114587,0,0,-0.01248473
-3.460572,0.5000051,2.133336,0,0,-0.007491648
-3.460572,0.5000051,2.149048,0,0,0.05104844
-3.460572,0.5000051,2.149048,0,0,-0.007201791
-3.460572,0.5000051,2.164413,0,0,-0.009804666
-3.460572,0.5000051,2.180967,0,0,0.04434556
-3.460572,0.5000051,2.180967,0,0,0.001109242
-3.460572,0.5000051,2.197424,0,0,-0.01508272
-3.460572,0.5000051,2.197424,0,0,0.04837618
-3.460572,0.5000051,2.21197,0,0,-0.03567984
-3.460572,0.5000051,2.230054,0,0,0.04813222
-3.460572,0.5000051,2.230054,0,0,0.005680382
-3.460572,0.5000051,2.248385,0,0,-0.0189023
-3.460572,0.5000051,2.268562,0,0,0.05414544
-3.460572,0.5000051,2.285983,0,0,0.002378345
-3.460572,0.5000051,2.285983,0,0,0.01748031
-3.460572,0.5000051,2.301733,0,0,-0.01611445
-3.460572,0.5000051,2.301733,0,0,0.04664014
-3.460572,0.5000051,2.315861,0,0,-0.0345421
-3.460572,0.5000051,2.328049,0,0,0.04649544
-3.460572,0.5000051,2.328049,0,0,-0.005622963
-3.460572,0.5000051,2.339505,0,0,-0.008056323
-3.460572,0.5000051,2.349759,0,0,0.0335391
-3.460572,0.5000051,2.349759,0,0,-0.003643215
-3.460572,0.5000051,2.359775,0,0,-0.007241726
-3.460572,0.5000051,2.359775,0,0,0.02911047
-3.460572,0.5000051,2.368031,0,0,-0.02176062
-3.460572,0.5000051,2.374992,0,0,0.02805104
-3.460572,0.5000051,2.374992,0,0,-0.003827055
-3.460572,0.5000051,2.381557,0,0,-0.004396995
-3.460572,0.5000051,2.387144,0,0,0.01915391
-3.460572,0.5000051,2.392715,0,0,-0.002682467
-3.460572,0.5000051,2.392715,0,0,0.008008678
-3.460572,0.5000051,2.396062,0,0,-0.006265601
-3.460572,0.5000051,2.398554,0,0,0.01161148
-3.460572,0.5000051,2.398554,0,0,-0.002617041
-3.460572,0.5000051,2.399575,0,0,-0.001149694
-3.460572,0.5000051,2.399575,0,0,0.003989458
-3.460572,0.5000051,2.399575,0,0,-0.002579669
-3.460572,0.5000051,2.399575,0,0,0.001105984
-3.460572,0.5000051,2.399575,0,0,-0.0002552271
-3.460572,0.5000051,2.399575,0,0,0
-3.460572,0.5000051,2.399575,0,0,0
-3.460572,0.5000051,2.399575,0,0,0
-3.460572,0.5000051,2.399575,0,0,0
-3.460572,0.5000051,2.399575,0,0,0
-3.460572,0.5000051,2.399575,0,0,0
-3.460572,0.5000051,2.399575,0,0,0
-3.460572,0.5000051,2.399575,0,0,0
-3.460572,0.5000051,2.399575,0,0,0
-3.460572,0.5000051,2.399575,0,0,0
-3.460572,0.5000051,2.399575,0,0,0
-3.460572,0.5000051,2.399575,0,0,0
-3.460572,0.5000051,2.399575,0,0,0
-3.460572,0.5000051,2.399575,0,0,0
-3.460572,0.5000051,2.399575,0,0,0
-3.460572,0.5000051,2.399575,0,0,0
-3.460572,0.5000051,2.399575,0,0,0
-3.460572,0.5000051,2.399575,0,0,0
-3.460572,0.5000051,2.399575,0,0,0
-3.460572,0.5000051,2.399575,0,0,0
-3.460572,0.5000051,2.399575,0,0,0
-3.460572,0.5000051,2.399575,0,0,0
-3.460572,0.5000051,2.399575,0,0,0
-3.460572,0.5000051,2.399575,0,0,0
-3.460572,0.5000051,2.399575,0,0,0
-3.460572,0.5000051,2.401284,0,0,0
-3.460572,0.5000051,2.403164,0,0,0.003559887
-3.460572,0.5000051,2.403164,0,0,0.0006424189
-3.460572,0.5000051,2.406351,0,0,-0.001752973
-3.460572,0.5000051,2.406351,0,0,0.008249382
-3.460572,0.5000051,2.410788,0,0,-0.006578406
-3.460572,0.5000051,2.410788,0,0,0.01269621
-3.460572,0.5000051,2.41631,0,0,-0.009300928
-3.460572,0.5000051,2.422185,0,0,0.01631041
-3.460572,0.5000051,2.422185,0,0,0.0005476673
-3.460572,0.5000051,2.430314,0,0,-0.005279163
-3.460572,0.5000051,2.430314,0,0,0.02191869
-3.460572,0.5000051,2.440282,0,0,-0.01704828
-3.460572,0.5000051,2.449873,0,0,0.02957352
-3.460572,0.5000051,2.449873,0,0,-0.001156966
-3.460572,0.5000051,2.460721,0,0,-0.007583717
-3.460572,0.5000051,2.471445,0,0,0.03049684
-3.460572,0.5000051,2.471445,0,0,-0.0008461873
-3.45779,0.5028413,2.482185,0,0,-0.008803646
-3.45212,0.5086528,2.497708,0.005795062,0,0.03128125
-3.45212,0.5086528,2.497708,0.006481687,0,0.009073834
-3.446757,0.5141184,2.510847,-0.00785466,0,-0.01811775
-3.44092,0.5185099,2.524311,0.01661932,0,0.04150373
-3.44092,0.5185099,2.524311,0.0004656116,0,-0.001012544
-3.434321,0.521591,2.538059,-0.005379041,0,-0.011573
-3.427266,0.5222256,2.549135,0.01873058,0,0.03994262
-3.427266,0.5222256,2.549135,0.0005911191,0,-0.006639361
-3.419243,0.5219978,2.562312,-0.006373564,0,-0.006336987
-3.419243,0.5219978,2.562312,0.02270742,0,0.03601424
-3.410464,0.520071,2.574663,-0.01714077,0,-0.02802447
-3.400914,0.5163431,2.586561,0.02698104,0,0.04000656
-3.400914,0.5163431,2.586561,0.001063824,0,-0.002180358
-3.390451,0.511076,2.599351,-0.008793712,0,-0.009423574
-3.379082,0.5040274,2.612704,0.02995008,0,0.03644822
-3.379082,0.5040274,2.612704,0.001242379,0,0.0003275275
-3.371671,0.5008096,2.627355,-0.01045467,0,-0.01173532
-3.366191,0.500166,2.642513,0.02513987,0,0.04179076
-3.366191,0.500166,2.642513,-0.005630334,0,0.0001603365
-3.362251,0.5018138,2.663349,-0.002474387,0,-0.01318139
-3.359595,0.5026795,2.677167,0.01229276,0,0.05616687
-3.359595,0.5026795,2.677167,-0.003389478,0,-0.01493798
-3.356298,0.502694,2.697856,-0.0008214712,0,-0.003911892
-3.356298,0.502694,2.697856,0.008760412,0,0.0528629
-3.352767,0.5011014,2.716903,-0.006982903,0,-0.04310884
-3.351003,0.5002244,2.737217,0.0109278,0,0.06209465
-3.351003,0.5002244,2.737217,-0.003917297,0,0.000641187
-3.350913,0.500049,2.755773,0.0004445712,0,-0.01830039
-3.350821,0.5000139,2.777848,0.001217306,0,0.05590288
-3.350821,0.5000139,2.777848,-0.0004233321,0,0.005347073
-3.350736,0.5000069,2.793834,-7.798275E-05,0,-0.02220947
-3.350659,0.5000055,2.808519,0.0002538165,0,0.05258042
-3.350659,0.5000055,2.808519,-2.674262E-05,0,-0.005566597
-3.350591,0.5000052,2.821986,-5.427996E-05,0,-0.01082659
-3.350529,0.5000051,2.834436,0.0002044837,0,0.03996829
-3.350529,0.5000051,2.834436,-2.253056E-05,0,-0.003544946
-3.350474,0.5000051,2.84593,-4.351139E-05,0,-0.009273787
-3.350474,0.5000051,2.84593,0.0001642108,0,0.03406684
-3.350425,0.5000051,2.856676,-0.0001209378,0,-0.02514263
-3.35038,0.5000051,2.866533,0.0001624823,0,0.03483776
-3.35038,0.5000051,2.866533,-1.597404E-05,0,-0.002932827
-3.350341,0.5000051,2.874601,-3.153086E-05,0,-0.007252196
-3.350305,0.5000051,2.882181,0.0001181563,0,0.0248008
-3.350305,0.5000051,2.882181,-1.293421E-05,0,-0.002135873
-3.350274,0.5000051,2.888355,-2.521276E-05,0,-0.005788445
-3.350245,0.5000051,2.893608,9.465218E-05,0,0.01905813
-3.350245,0.5000051,2.893608,-1.005332E-05,0,-0.002785782
-3.350219,0.5000051,2.897783,-2.048413E-05,0,-0.003379087
-3.350219,0.5000051,2.897783,7.621447E-05,0,0.0128443
-3.350197,0.5000051,2.9007,-5.604823E-05,0,-0.009314735
-3.350176,0.5000051,2.902777,7.53204E-05,0,0.01060029
-3.350176,0.5000051,2.902777,-7.530054E-06,0,-0.002308846
-3.350158,0.5000051,2.903564,-1.45038E-05,0,-0.0008198023
-3.350141,0.5000051,2.903587,5.473693E-05,0,0.003160477
-3.350141,0.5000051,2.903587,-6.039937E-06,0,-0.001980384
-3.350127,0.5000051,2.903587,-1.164277E-05,0,0.000808994
-3.350113,0.5000051,2.903587,4.402797E-05,0,-0.000172019
-3.350113,0.5000051,2.903587,-5.125999E-06,0,-5.722046E-06
-3.350101,0.5000051,2.903587,-9.119511E-06,0,0
-3.350091,0.5000051,2.903587,3.534555E-05,0,0
-3.350091,0.5000051,2.903587,-3.774961E-06,0,0
-3.350081,0.5000051,2.903587,-7.649262E-06,0,0
-3.350081,0.5000051,2.903587,2.851089E-05,0,0
-3.350073,0.5000051,2.903587,-2.096097E-05,0,0
-3.350065,0.5000051,2.903587,2.821287E-05,0,0
-3.350065,0.5000051,2.903587,-2.940496E-06,0,0
-3.350058,0.5000051,2.903587,-5.324682E-06,0,0
-3.350058,0.5000051,2.903587,2.052387E-05,0,0
-3.350052,0.5000051,2.903587,-1.515945E-05,0,0
-3.350046,0.5000051,2.903587,2.040466E-05,0,0
-3.350046,0.5000051,2.903587,-2.185504E-06,0,0
-3.350041,0.5000051,2.903587,-3.794829E-06,0,0
-3.350041,0.5000051,2.903587,1.482169E-05,0,0
-3.350037,0.5000051,2.903587,-1.096725E-05,0,0
-3.350033,0.5000051,2.903587,1.436472E-05,0,0
-3.350033,0.5000051,2.903587,-1.033147E-06,0,0
-3.350029,0.5000051,2.903587,-3.11931E-06,0,0
-3.350026,0.5000051,2.903587,1.076857E-05,0,0
-3.350026,0.5000051,2.903587,-1.410643E-06,0,0
-3.350024,0.5000051,2.903587,-2.066294E-06,0,0
-3.350024,0.5000051,2.903587,8.424123E-06,0,0
-3.350021,0.5000051,2.903587,-6.258488E-06,0,0
-3.350019,0.5000051,2.903587,8.563201E-06,0,0
-3.350019,0.5000051,2.903587,-7.748604E-07,0,0
-3.350016,0.5000051,2.903587,-1.728535E-06,0,0
-3.350014,0.5000051,2.903587,6.397565E-06,0,0
-3.350014,0.5000051,2.903587,-7.351239E-07,0,0
-3.350013,0.5000051,2.903587,-1.33117E-06,0,0
-3.350013,0.5000051,2.903587,5.503496E-06,0,0
-3.350011,0.5000051,2.903587,-4.132589E-06,0,0
-3.350009,0.5000051,2.903587,5.543232E-06,0,0
-3.350008,0.5000051,2.903587,-1.986821E-07,0,0
-3.350006,0.5000051,2.903587,1.589457E-06,0,0
-3.350006,0.5000051,2.903587,1.629194E-06,0,0
-3.350005,0.5000051,2.903587,-1.609325E-06,0,0
-3.350004,0.5000051,2.903587,4.172325E-06,0,0
-3.350004,0.5000051,2.903587,-6.159146E-07,0,0
-3.350003,0.5000051,2.903587,-7.351239E-07,0,0
-3.350002,0.5000051,2.903587,3.417333E-06,0,0
-3.35,0.5000051,2.903587,-5.960464E-07,0,0
-3.349999,0.5000051,2.903587,3.437201E-06,0,0
-3.349999,0.5000051,2.903587,-9.338061E-07,0,0
-3.349998,0.5000051,2.903587,0,0,0
-3.349997,0.5000051,2.903587,2.046426E-06,0,0
-3.349997,0.5000051,2.903587,-1.192093E-07,0,0
-3.349997,0.5000051,2.903587,-5.960464E-07,0,0
-3.349996,0.5000051,2.903587,2.086163E-06,0,0
-3.349996,0.5000051,2.903587,-5.960464E-08,0,0
-3.349995,0.5000051,2.903587,-5.960464E-07,0,0
-3.349995,0.5000051,2.903587,2.086163E-06,0,0
-3.349995,0.5000051,2.903587,-5.5631E-07,0,0
-3.349994,0.5000051,2.903587,-1.390775E-07,0,0
-3.349994,0.5000051,2.903587,1.33117E-06,0,0
-3.349993,0.5000051,2.903587,-3.973643E-08,0,0
